,bin,#recs,#g,#b,%g,%b,tot,cg,cb,score_raw,prob(%),odds,log_odds,log_odds_adj,fit,score_calib
1,1.0,2000.0,1988.0,12.0,99.4,0.5999999999999943,2000.0,1988.0,12.0,0.0019631598334306894,0.6,0.00603672032193159,-7.372019321263469,-7.372019321263469,-7.294267130479482,581.1719860856156
2,2.0,2000.0,1989.0,11.0,99.45,0.5499999999999972,4000.0,3977.0,23.0,0.002199561317066271,0.55,0.0055309200603318245,-7.498264794063009,-7.372019321263469,-7.245060085536639,582.6481974339008
3,3.0,2000.0,1986.0,14.0,99.3,0.7000000000000028,6000.0,5963.0,37.0,0.0023716618235381137,0.7,0.007049848942598187,-7.148191939505161,-7.148191939505161,-7.210231283991969,583.6930614802409
4,4.0,2000.0,1986.0,14.0,99.3,0.7000000000000028,8000.0,7949.0,51.0,0.0025916895341795633,0.7,0.007049848942598187,-7.148191939505161,-7.148191939505161,-7.166855109670995,584.9943467098701
5,5.0,2000.0,1989.0,11.0,99.45,0.5499999999999972,10000.0,9938.0,62.0,0.0031404323019510708,0.55,0.0055309200603318245,-7.498264794063009,-7.148191939505161,-7.0638657519723305,588.0840274408301
6,6.0,2000.0,1992.0,8.0,99.6,0.4000000000000057,12000.0,11930.0,70.0,0.0037157769626053653,0.4,0.00401656626506024,-7.959821606458086,-7.148191939505161,-6.962999930937891,591.1100020718633
7,7.0,2000.0,1990.0,10.0,99.5,0.5,14000.0,13920.0,80.0,0.0038695751468360044,0.5,0.005025628140703517,-7.6364803582525544,-7.148191939505161,-6.937150329524307,591.8854901142709
8,8.0,2000.0,1993.0,7.0,99.65,0.3499999999999943,16000.0,15913.0,87.0,0.003869622316934114,0.35,0.0035127947817360766,-8.153164988209875,-7.148191939505161,-6.937142469497841,591.8857259150648
9,9.0,2000.0,1989.0,11.0,99.45,0.5499999999999972,18000.0,17902.0,98.0,0.003912495146461558,0.55,0.0055309200603318245,-7.498264794063009,-7.148191939505161,-6.930015512351462,592.0995346294561
10,10.0,2000.0,1992.0,8.0,99.6,0.4000000000000057,20000.0,19894.0,106.0,0.004035089338542752,0.4,0.00401656626506024,-7.959821606458086,-7.148191939505161,-6.909821303019007,592.7053609094298
11,11.0,2000.0,1992.0,8.0,99.6,0.4000000000000057,22000.0,21886.0,114.0,0.0041757798307025295,0.4,0.00401656626506024,-7.959821606458086,-7.148191939505161,-6.88697686185901,593.3906941442297
12,12.0,2000.0,1995.0,5.0,99.75,0.25,24000.0,23881.0,119.0,0.004193500152758077,0.25,0.0025067669172932332,-8.639956426064222,-7.148191939505161,-6.884124094416739,593.4762771674978
13,13.0,2000.0,1993.0,7.0,99.65,0.3499999999999943,26000.0,25874.0,126.0,0.004208286878310464,0.35,0.0035127947817360766,-8.153164988209875,-7.148191939505161,-6.881747752948462,593.5475674115462
14,14.0,2000.0,1990.0,10.0,99.5,0.5,28000.0,27864.0,136.0,0.00423510108415355,0.5,0.005025628140703517,-7.6364803582525544,-7.148191939505161,-6.877448093672892,593.6765571898133
15,15.0,2000.0,1986.0,14.0,99.3,0.7000000000000028,30000.0,29850.0,150.0,0.004268579590878606,0.7,0.007049848942598187,-7.148191939505161,-7.148191939505161,-6.872097075964682,593.8370877210596
16,16.0,2000.0,1991.0,9.0,99.55,0.45000000000000284,32000.0,31841.0,159.0,0.004304928069822358,0.45,0.0045208437970868905,-7.789192213734068,-7.148191939505161,-6.866308894085807,594.0107331774258
17,17.0,2000.0,1992.0,8.0,99.6,0.4000000000000057,34000.0,33833.0,167.0,0.004310295102318653,0.4,0.00401656626506024,-7.959821606458086,-7.148191939505161,-6.865456131712244,594.0363160486327
18,18.0,2000.0,1987.0,13.0,99.35,0.6500000000000057,36000.0,35820.0,180.0,0.004310295102318653,0.65,0.006543029693004529,-7.255825466835081,-7.148191939505161,-6.865456131712244,594.0363160486327
19,19.0,2000.0,1988.0,12.0,99.4,0.5999999999999943,38000.0,37808.0,192.0,0.004311189441007528,0.6,0.00603672032193159,-7.372019321263469,-7.148191939505161,-6.865314078300921,594.0405776509724
20,20.0,2000.0,1993.0,7.0,99.65,0.3499999999999943,40000.0,39801.0,199.0,0.004329442054100581,0.35,0.0035127947817360766,-8.153164988209875,-7.148191939505161,-6.862417839624581,594.1274648112626
21,21.0,2000.0,1991.0,9.0,99.55,0.45000000000000284,42000.0,41792.0,208.0,0.004350062921385782,0.45,0.0045208437970868905,-7.789192213734068,-7.148191939505161,-6.85915253757239,594.2254238728283
22,22.0,2000.0,1989.0,11.0,99.45,0.5499999999999972,44000.0,43781.0,219.0,0.0043507185522996,0.55,0.0055309200603318245,-7.498264794063009,-7.148191939505161,-6.859048835421376,594.2285349373587
23,23.0,2000.0,1993.0,7.0,99.65,0.3499999999999943,46000.0,45774.0,226.0,0.0043507185522996,0.35,0.0035127947817360766,-8.153164988209875,-7.148191939505161,-6.859048835421376,594.2285349373587
24,24.0,2000.0,1993.0,7.0,99.65,0.3499999999999943,48000.0,47767.0,233.0,0.004353603076839541,0.35,0.0035127947817360766,-8.153164988209875,-7.148191939505161,-6.858592670953826,594.2422198713853
25,25.0,2000.0,1984.0,16.0,99.2,0.7999999999999972,50000.0,49751.0,249.0,0.0043686431514119665,0.8,0.008065020161290324,-6.954106144764466,-6.954106144764466,-6.856216450376458,594.3135064887063
26,26.0,2000.0,1993.0,7.0,99.65,0.3499999999999943,52000.0,51744.0,256.0,0.004422788889334424,0.35,0.0035127947817360766,-8.153164988209875,-6.954106144764466,-6.847692886638029,594.5692134008591
27,27.0,2000.0,1989.0,11.0,99.45,0.5499999999999972,54000.0,53733.0,267.0,0.004454133187339163,0.55,0.0055309200603318245,-7.498264794063009,-6.954106144764466,-6.842780763000091,594.7165771099973
28,28.0,2000.0,1992.0,8.0,99.6,0.4000000000000057,56000.0,55725.0,275.0,0.004478258264038611,0.4,0.00401656626506024,-7.959821606458086,-6.954106144764466,-6.839010933042374,594.8296720087287
29,29.0,2000.0,1988.0,12.0,99.4,0.5999999999999943,58000.0,57713.0,287.0,0.004498497055231088,0.6,0.00603672032193159,-7.372019321263469,-6.954106144764466,-6.835855677994805,594.9243296601559
30,30.0,2000.0,1983.0,17.0,99.15,0.8499999999999943,60000.0,59696.0,304.0,0.004529434311945478,0.85,0.00857337367624811,-6.8659212590602525,-6.8659212590602525,-6.831045316366106,595.0686405090169
31,31.0,2000.0,1992.0,8.0,99.6,0.4000000000000057,62000.0,61688.0,312.0,0.004553304645210463,0.4,0.00401656626506024,-7.959821606458086,-6.8659212590602525,-6.827344294763058,595.1796711571083
32,32.0,2000.0,1990.0,10.0,99.5,0.5,64000.0,63678.0,322.0,0.0045905371634468025,0.5,0.005025628140703517,-7.6364803582525544,-6.8659212590602525,-6.821589685500087,595.3523094349973
33,33.0,2000.0,1990.0,10.0,99.5,0.5,66000.0,65668.0,332.0,0.004592989733046299,0.5,0.005025628140703517,-7.6364803582525544,-6.8659212590602525,-6.821211393823578,595.3636581852927
34,34.0,2000.0,1992.0,8.0,99.6,0.4000000000000057,68000.0,67660.0,340.0,0.004600207381979153,0.4,0.00401656626506024,-7.959821606458086,-6.8659212590602525,-6.820098675476975,595.3970397356908
35,35.0,2000.0,1989.0,11.0,99.45,0.5499999999999972,70000.0,69649.0,351.0,0.004607580608035073,0.55,0.0055309200603318245,-7.498264794063009,-6.8659212590602525,-6.8189628244130915,595.4311152676073
36,36.0,2000.0,1990.0,10.0,99.5,0.5,72000.0,71639.0,361.0,0.004643770492650367,0.5,0.005025628140703517,-7.6364803582525544,-6.8659212590602525,-6.813400187555894,595.5979943733232
37,37.0,2000.0,1988.0,12.0,99.4,0.5999999999999943,74000.0,73627.0,373.0,0.004664653410133324,0.6,0.00603672032193159,-7.372019321263469,-6.8659212590602525,-6.8101997024604355,595.6940089261869
38,38.0,2000.0,1987.0,13.0,99.35,0.6500000000000057,76000.0,75614.0,386.0,0.004690013889255866,0.65,0.006543029693004529,-7.255825466835081,-6.8659212590602525,-6.806322155226183,595.8103353432145
39,39.0,2000.0,1993.0,7.0,99.65,0.3499999999999943,78000.0,77607.0,393.0,0.004709133488193547,0.35,0.0035127947817360766,-8.153164988209875,-6.8659212590602525,-6.803405435808586,595.8978369257425
40,40.0,2000.0,1986.0,14.0,99.3,0.7000000000000028,80000.0,79593.0,407.0,0.00473840098977099,0.7,0.007049848942598187,-7.148191939505161,-6.8659212590602525,-6.798951599827313,596.0314520051807
41,41.0,2000.0,1991.0,9.0,99.55,0.45000000000000284,82000.0,81584.0,416.0,0.004756862887221065,0.45,0.0045208437970868905,-7.789192213734068,-6.8659212590602525,-6.796148914472902,596.1155325658129
42,42.0,2000.0,1992.0,8.0,99.6,0.4000000000000057,84000.0,83576.0,424.0,0.004783380403062008,0.4,0.00401656626506024,-7.959821606458086,-6.8659212590602525,-6.792132453967643,596.2360263809708
43,43.0,2000.0,1991.0,9.0,99.55,0.45000000000000284,86000.0,85567.0,433.0,0.004814519164314728,0.45,0.0045208437970868905,-7.789192213734068,-6.8659212590602525,-6.7874297283089335,596.377108150732
44,44.0,2000.0,1990.0,10.0,99.5,0.5,88000.0,87557.0,443.0,0.004815690485049309,0.5,0.005025628140703517,-7.6364803582525544,-6.8659212590602525,-6.787253117226223,596.3824064832133
45,45.0,2000.0,1994.0,6.0,99.7,0.29999999999999716,90000.0,89551.0,449.0,0.004815690485049309,0.3,0.003009528585757272,-8.376246764538763,-6.8659212590602525,-6.787253117226223,596.3824064832133
46,46.0,2000.0,1990.0,10.0,99.5,0.5,92000.0,91541.0,459.0,0.004815690485049309,0.5,0.005025628140703517,-7.6364803582525544,-6.8659212590602525,-6.787253117226223,596.3824064832133
47,47.0,2000.0,1988.0,12.0,99.4,0.5999999999999943,94000.0,93529.0,471.0,0.004815690485049309,0.6,0.00603672032193159,-7.372019321263469,-6.8659212590602525,-6.787253117226223,596.3824064832133
48,48.0,2000.0,1989.0,11.0,99.45,0.5499999999999972,96000.0,95518.0,482.0,0.004815690485049309,0.55,0.0055309200603318245,-7.498264794063009,-6.8659212590602525,-6.787253117226223,596.3824064832133
49,49.0,2000.0,1984.0,16.0,99.2,0.7999999999999972,98000.0,97502.0,498.0,0.004815690485049309,0.8,0.008065020161290324,-6.954106144764466,-6.8659212590602525,-6.787253117226223,596.3824064832133
50,50.0,2000.0,1990.0,10.0,99.5,0.5,100000.0,99492.0,508.0,0.004815690485049309,0.5,0.005025628140703517,-7.6364803582525544,-6.8659212590602525,-6.787253117226223,596.3824064832133
51,51.0,2000.0,1987.0,13.0,99.35,0.6500000000000057,102000.0,101479.0,521.0,0.004815690485049309,0.65,0.006543029693004529,-7.255825466835081,-6.8659212590602525,-6.787253117226223,596.3824064832133
52,52.0,2000.0,1984.0,16.0,99.2,0.7999999999999972,104000.0,103463.0,537.0,0.004815690485049309,0.8,0.008065020161290324,-6.954106144764466,-6.8659212590602525,-6.787253117226223,596.3824064832133
53,53.0,2000.0,1994.0,6.0,99.7,0.29999999999999716,106000.0,105457.0,543.0,0.004815690485049309,0.3,0.003009528585757272,-8.376246764538763,-6.8659212590602525,-6.787253117226223,596.3824064832133
54,54.0,2000.0,1993.0,7.0,99.65,0.3499999999999943,108000.0,107450.0,550.0,0.004815690485049309,0.35,0.0035127947817360766,-8.153164988209875,-6.8659212590602525,-6.787253117226223,596.3824064832133
55,55.0,2000.0,1990.0,10.0,99.5,0.5,110000.0,109440.0,560.0,0.004815690485049309,0.5,0.005025628140703517,-7.6364803582525544,-6.8659212590602525,-6.787253117226223,596.3824064832133
56,56.0,2000.0,1989.0,11.0,99.45,0.5499999999999972,112000.0,111429.0,571.0,0.004815690485049309,0.55,0.0055309200603318245,-7.498264794063009,-6.8659212590602525,-6.787253117226223,596.3824064832133
57,57.0,2000.0,1990.0,10.0,99.5,0.5,114000.0,113419.0,581.0,0.004815690485049309,0.5,0.005025628140703517,-7.6364803582525544,-6.8659212590602525,-6.787253117226223,596.3824064832133
58,58.0,2000.0,1990.0,10.0,99.5,0.5,116000.0,115409.0,591.0,0.004815690485049309,0.5,0.005025628140703517,-7.6364803582525544,-6.8659212590602525,-6.787253117226223,596.3824064832133
59,59.0,2000.0,1993.0,7.0,99.65,0.3499999999999943,118000.0,117402.0,598.0,0.004815690485049309,0.35,0.0035127947817360766,-8.153164988209875,-6.8659212590602525,-6.787253117226223,596.3824064832133
60,60.0,2000.0,1992.0,8.0,99.6,0.4000000000000057,120000.0,119394.0,606.0,0.004815690485049309,0.4,0.00401656626506024,-7.959821606458086,-6.8659212590602525,-6.787253117226223,596.3824064832133
61,61.0,2000.0,1995.0,5.0,99.75,0.25,122000.0,121389.0,611.0,0.004815690485049309,0.25,0.0025067669172932332,-8.639956426064222,-6.8659212590602525,-6.787253117226223,596.3824064832133
62,62.0,2000.0,1994.0,6.0,99.7,0.29999999999999716,124000.0,123383.0,617.0,0.004815690485049309,0.3,0.003009528585757272,-8.376246764538763,-6.8659212590602525,-6.787253117226223,596.3824064832133
63,63.0,2000.0,1986.0,14.0,99.3,0.7000000000000028,126000.0,125369.0,631.0,0.004815690485049309,0.7,0.007049848942598187,-7.148191939505161,-6.8659212590602525,-6.787253117226223,596.3824064832133
64,64.0,2000.0,1994.0,6.0,99.7,0.29999999999999716,128000.0,127363.0,637.0,0.004815690485049309,0.3,0.003009528585757272,-8.376246764538763,-6.8659212590602525,-6.787253117226223,596.3824064832133
65,65.0,2000.0,1991.0,9.0,99.55,0.45000000000000284,130000.0,129354.0,646.0,0.004815690485049309,0.45,0.0045208437970868905,-7.789192213734068,-6.8659212590602525,-6.787253117226223,596.3824064832133
66,66.0,2000.0,1993.0,7.0,99.65,0.3499999999999943,132000.0,131347.0,653.0,0.004815690485049309,0.35,0.0035127947817360766,-8.153164988209875,-6.8659212590602525,-6.787253117226223,596.3824064832133
67,67.0,2000.0,1991.0,9.0,99.55,0.45000000000000284,134000.0,133338.0,662.0,0.004815690485049309,0.45,0.0045208437970868905,-7.789192213734068,-6.8659212590602525,-6.787253117226223,596.3824064832133
68,68.0,2000.0,1990.0,10.0,99.5,0.5,136000.0,135328.0,672.0,0.004815690485049309,0.5,0.005025628140703517,-7.6364803582525544,-6.8659212590602525,-6.787253117226223,596.3824064832133
69,69.0,2000.0,1984.0,16.0,99.2,0.7999999999999972,138000.0,137312.0,688.0,0.004815690485049309,0.8,0.008065020161290324,-6.954106144764466,-6.8659212590602525,-6.787253117226223,596.3824064832133
70,70.0,2000.0,1991.0,9.0,99.55,0.45000000000000284,140000.0,139303.0,697.0,0.004815690485049309,0.45,0.0045208437970868905,-7.789192213734068,-6.8659212590602525,-6.787253117226223,596.3824064832133
71,71.0,2000.0,1989.0,11.0,99.45,0.5499999999999972,142000.0,141292.0,708.0,0.004815690485049309,0.55,0.0055309200603318245,-7.498264794063009,-6.8659212590602525,-6.787253117226223,596.3824064832133
72,72.0,2000.0,1987.0,13.0,99.35,0.6500000000000057,144000.0,143279.0,721.0,0.0048198327628548405,0.65,0.006543029693004529,-7.255825466835081,-6.8659212590602525,-6.786628713648362,596.4011385905492
73,73.0,2000.0,1992.0,8.0,99.6,0.4000000000000057,146000.0,145271.0,729.0,0.004824482075202804,0.4,0.00401656626506024,-7.959821606458086,-6.8659212590602525,-6.785928189543558,596.4221543136932
74,74.0,2000.0,1993.0,7.0,99.65,0.3499999999999943,148000.0,147264.0,736.0,0.004847306949463027,0.35,0.0035127947817360766,-8.153164988209875,-6.8659212590602525,-6.782493843119479,596.5251847064156
75,75.0,2000.0,1996.0,4.0,99.8,0.20000000000000284,150000.0,149260.0,740.0,0.004866222984777581,0.2,0.0020045090180360724,-8.962535376653745,-6.8659212590602525,-6.779653586556037,596.6103924033189
76,76.0,2000.0,1986.0,14.0,99.3,0.7000000000000028,152000.0,151246.0,754.0,0.004874064258548321,0.7,0.007049848942598187,-7.148191939505161,-6.8659212590602525,-6.7784777883264615,596.6456663502062
77,77.0,2000.0,1991.0,9.0,99.55,0.45000000000000284,154000.0,153237.0,763.0,0.004903792954780465,0.45,0.0045208437970868905,-7.789192213734068,-6.8659212590602525,-6.774028324572903,596.7791502628129
78,78.0,2000.0,1995.0,5.0,99.75,0.25,156000.0,155232.0,768.0,0.0049569485498534484,0.25,0.0025067669172932332,-8.639956426064222,-6.8659212590602525,-6.7661053235898825,597.0168402923035
79,79.0,2000.0,1991.0,9.0,99.55,0.45000000000000284,158000.0,157223.0,777.0,0.004996161493752298,0.45,0.0045208437970868905,-7.789192213734068,-6.8659212590602525,-6.760287216114469,597.1913835165659
80,80.0,2000.0,1987.0,13.0,99.35,0.6500000000000057,160000.0,159210.0,790.0,0.0050164468120671,0.65,0.006543029693004529,-7.255825466835081,-6.8659212590602525,-6.7572862707543635,597.2814118773691
81,81.0,2000.0,1994.0,6.0,99.7,0.29999999999999716,162000.0,161204.0,796.0,0.005033997353825599,0.3,0.003009528585757272,-8.376246764538763,-6.8659212590602525,-6.754694732973268,597.3591580108019
82,82.0,2000.0,1991.0,9.0,99.55,0.45000000000000284,164000.0,163195.0,805.0,0.005037886533265314,0.45,0.0045208437970868905,-7.789192213734068,-6.8659212590602525,-6.754121056499715,597.3763683050086
83,83.0,2000.0,1982.0,18.0,99.1,0.9000000000000057,166000.0,165177.0,823.0,0.005037886533265314,0.9,0.009082240161453078,-6.782736098245981,-6.782736098245981,-6.754121056499715,597.3763683050086
84,84.0,2000.0,1992.0,8.0,99.6,0.4000000000000057,168000.0,167169.0,831.0,0.005037886533265314,0.4,0.00401656626506024,-7.959821606458086,-6.782736098245981,-6.754121056499715,597.3763683050086
85,85.0,2000.0,1993.0,7.0,99.65,0.3499999999999943,170000.0,169162.0,838.0,0.005037886533265314,0.35,0.0035127947817360766,-8.153164988209875,-6.782736098245981,-6.754121056499715,597.3763683050086
86,86.0,2000.0,1988.0,12.0,99.4,0.5999999999999943,172000.0,171150.0,850.0,0.005037886533265314,0.6,0.00603672032193159,-7.372019321263469,-6.782736098245981,-6.754121056499715,597.3763683050086
87,87.0,2000.0,1989.0,11.0,99.45,0.5499999999999972,174000.0,173139.0,861.0,0.005037886533265314,0.55,0.0055309200603318245,-7.498264794063009,-6.782736098245981,-6.754121056499715,597.3763683050086
88,88.0,2000.0,1990.0,10.0,99.5,0.5,176000.0,175129.0,871.0,0.005037886533265314,0.5,0.005025628140703517,-7.6364803582525544,-6.782736098245981,-6.754121056499715,597.3763683050086
89,89.0,2000.0,1987.0,13.0,99.35,0.6500000000000057,178000.0,177116.0,884.0,0.005037886533265314,0.65,0.006543029693004529,-7.255825466835081,-6.782736098245981,-6.754121056499715,597.3763683050086
90,90.0,2000.0,1991.0,9.0,99.55,0.45000000000000284,180000.0,179107.0,893.0,0.005037886533265314,0.45,0.0045208437970868905,-7.789192213734068,-6.782736098245981,-6.754121056499715,597.3763683050086
91,91.0,2000.0,1989.0,11.0,99.45,0.5499999999999972,182000.0,181096.0,904.0,0.0050427204166234975,0.55,0.0055309200603318245,-7.498264794063009,-6.782736098245981,-6.753408336273011,597.3977499118097
92,92.0,2000.0,1990.0,10.0,99.5,0.5,184000.0,183086.0,914.0,0.005056834329868345,0.5,0.005025628140703517,-7.6364803582525544,-6.782736098245981,-6.75132927939706,597.4601216180881
93,93.0,2000.0,1989.0,11.0,99.45,0.5499999999999972,186000.0,185075.0,925.0,0.005066073671926713,0.55,0.0055309200603318245,-7.498264794063009,-6.782736098245981,-6.749969831826954,597.5009050451914
94,94.0,2000.0,1987.0,13.0,99.35,0.6500000000000057,188000.0,187062.0,938.0,0.005066076934599257,0.65,0.006543029693004529,-7.255825466835081,-6.782736098245981,-6.749969351985073,597.5009194404478
95,95.0,2000.0,1989.0,11.0,99.45,0.5499999999999972,190000.0,189051.0,949.0,0.005066076934599257,0.55,0.0055309200603318245,-7.498264794063009,-6.782736098245981,-6.749969351985073,597.5009194404478
96,96.0,2000.0,1990.0,10.0,99.5,0.5,192000.0,191041.0,959.0,0.005066076934599257,0.5,0.005025628140703517,-7.6364803582525544,-6.782736098245981,-6.749969351985073,597.5009194404478
97,97.0,2000.0,1988.0,12.0,99.4,0.5999999999999943,194000.0,193029.0,971.0,0.005066076934599257,0.6,0.00603672032193159,-7.372019321263469,-6.782736098245981,-6.749969351985073,597.5009194404478
98,98.0,2000.0,1983.0,17.0,99.15,0.8499999999999943,196000.0,195012.0,988.0,0.005066076934599257,0.85,0.00857337367624811,-6.8659212590602525,-6.782736098245981,-6.749969351985073,597.5009194404478
99,99.0,2000.0,1989.0,11.0,99.45,0.5499999999999972,198000.0,197001.0,999.0,0.005066076934599257,0.55,0.0055309200603318245,-7.498264794063009,-6.782736098245981,-6.749969351985073,597.5009194404478
100,100.0,2000.0,1992.0,8.0,99.6,0.4000000000000057,200000.0,198993.0,1007.0,0.005066076934599257,0.4,0.00401656626506024,-7.959821606458086,-6.782736098245981,-6.749969351985073,597.5009194404478
101,101.0,2000.0,1985.0,15.0,99.25,0.75,202000.0,200978.0,1022.0,0.005066076934599257,0.75,0.007557178841309823,-7.047936519958256,-6.782736098245981,-6.749969351985073,597.5009194404478
102,102.0,2000.0,1995.0,5.0,99.75,0.25,204000.0,202973.0,1027.0,0.005066076934599257,0.25,0.0025067669172932332,-8.639956426064222,-6.782736098245981,-6.749969351985073,597.5009194404478
103,103.0,2000.0,1982.0,18.0,99.1,0.9000000000000057,206000.0,204955.0,1045.0,0.005066076934599257,0.9,0.009082240161453078,-6.782736098245981,-6.782736098245981,-6.749969351985073,597.5009194404478
104,104.0,2000.0,1995.0,5.0,99.75,0.25,208000.0,206950.0,1050.0,0.005066076934599257,0.25,0.0025067669172932332,-8.639956426064222,-6.782736098245981,-6.749969351985073,597.5009194404478
105,105.0,2000.0,1995.0,5.0,99.75,0.25,210000.0,208945.0,1055.0,0.005066076934599257,0.25,0.0025067669172932332,-8.639956426064222,-6.782736098245981,-6.749969351985073,597.5009194404478
106,106.0,2000.0,1990.0,10.0,99.5,0.5,212000.0,210935.0,1065.0,0.005066076934599257,0.5,0.005025628140703517,-7.6364803582525544,-6.782736098245981,-6.749969351985073,597.5009194404478
107,107.0,2000.0,1991.0,9.0,99.55,0.45000000000000284,214000.0,212926.0,1074.0,0.005066076934599257,0.45,0.0045208437970868905,-7.789192213734068,-6.782736098245981,-6.749969351985073,597.5009194404478
108,108.0,2000.0,1994.0,6.0,99.7,0.29999999999999716,216000.0,214920.0,1080.0,0.005066076934599257,0.3,0.003009528585757272,-8.376246764538763,-6.782736098245981,-6.749969351985073,597.5009194404478
109,109.0,2000.0,1992.0,8.0,99.6,0.4000000000000057,218000.0,216912.0,1088.0,0.005092809357845327,0.4,0.00401656626506024,-7.959821606458086,-6.782736098245981,-6.74604295059358,597.6187114821926
110,110.0,2000.0,1994.0,6.0,99.7,0.29999999999999716,220000.0,218906.0,1094.0,0.005109887169676309,0.3,0.003009528585757272,-8.376246764538763,-6.782736098245981,-6.7435399644949765,597.6938010651506
111,111.0,2000.0,1991.0,9.0,99.55,0.45000000000000284,222000.0,220897.0,1103.0,0.005109887169676309,0.45,0.0045208437970868905,-7.789192213734068,-6.782736098245981,-6.7435399644949765,597.6938010651506
112,112.0,2000.0,1991.0,9.0,99.55,0.45000000000000284,224000.0,222888.0,1112.0,0.005109887169676309,0.45,0.0045208437970868905,-7.789192213734068,-6.782736098245981,-6.7435399644949765,597.6938010651506
113,113.0,2000.0,1989.0,11.0,99.45,0.5499999999999972,226000.0,224877.0,1123.0,0.005109887169676309,0.55,0.0055309200603318245,-7.498264794063009,-6.782736098245981,-6.7435399644949765,597.6938010651506
114,114.0,2000.0,1981.0,19.0,99.05,0.9500000000000028,228000.0,226858.0,1142.0,0.005109887169676309,0.95,0.009591620393740535,-6.704009722126082,-6.704009722126082,-6.7435399644949765,597.6938010651506
115,115.0,2000.0,1991.0,9.0,99.55,0.45000000000000284,230000.0,228849.0,1151.0,0.005109887169676309,0.45,0.0045208437970868905,-7.789192213734068,-6.704009722126082,-6.7435399644949765,597.6938010651506
116,116.0,2000.0,1991.0,9.0,99.55,0.45000000000000284,232000.0,230840.0,1160.0,0.00512117250698676,0.45,0.0045208437970868905,-7.789192213734068,-6.704009722126082,-6.741888232089096,597.7433530373271
117,117.0,2000.0,1991.0,9.0,99.55,0.45000000000000284,234000.0,232831.0,1169.0,0.005133019952818863,0.45,0.0045208437970868905,-7.789192213734068,-6.704009722126082,-6.740156182472458,597.7953145258263
118,118.0,2000.0,1991.0,9.0,99.55,0.45000000000000284,236000.0,234822.0,1178.0,0.005133019952818863,0.45,0.0045208437970868905,-7.789192213734068,-6.704009722126082,-6.740156182472458,597.7953145258263
119,119.0,2000.0,1989.0,11.0,99.45,0.5499999999999972,238000.0,236811.0,1189.0,0.005133019952818863,0.55,0.0055309200603318245,-7.498264794063009,-6.704009722126082,-6.740156182472458,597.7953145258263
120,120.0,2000.0,1990.0,10.0,99.5,0.5,240000.0,238801.0,1199.0,0.005133019952818863,0.5,0.005025628140703517,-7.6364803582525544,-6.704009722126082,-6.740156182472458,597.7953145258263
121,121.0,2000.0,1996.0,4.0,99.8,0.20000000000000284,242000.0,240797.0,1203.0,0.005133019952818863,0.2,0.0020045090180360724,-8.962535376653745,-6.704009722126082,-6.740156182472458,597.7953145258263
122,122.0,2000.0,1989.0,11.0,99.45,0.5499999999999972,244000.0,242786.0,1214.0,0.005133019952818863,0.55,0.0055309200603318245,-7.498264794063009,-6.704009722126082,-6.740156182472458,597.7953145258263
123,123.0,2000.0,1983.0,17.0,99.15,0.8499999999999943,246000.0,244769.0,1231.0,0.005133019952818863,0.85,0.00857337367624811,-6.8659212590602525,-6.704009722126082,-6.740156182472458,597.7953145258263
124,124.0,2000.0,1986.0,14.0,99.3,0.7000000000000028,248000.0,246755.0,1245.0,0.005133019952818863,0.7,0.007049848942598187,-7.148191939505161,-6.704009722126082,-6.740156182472458,597.7953145258263
125,125.0,2000.0,1994.0,6.0,99.7,0.29999999999999716,250000.0,248749.0,1251.0,0.005133263190442209,0.3,0.003009528585757272,-8.376246764538763,-6.704009722126082,-6.740120643026592,597.7963807092023
126,126.0,2000.0,1989.0,11.0,99.45,0.5499999999999972,252000.0,250738.0,1262.0,0.005140584610786544,0.55,0.0055309200603318245,-7.498264794063009,-6.704009722126082,-6.739051304065725,597.8284608780282
127,127.0,2000.0,1989.0,11.0,99.45,0.5499999999999972,254000.0,252727.0,1273.0,0.005158744456235693,0.55,0.0055309200603318245,-7.498264794063009,-6.704009722126082,-6.736402229297267,597.907933121082
128,128.0,2000.0,1983.0,17.0,99.15,0.8499999999999943,256000.0,254710.0,1290.0,0.005161739928639792,0.85,0.00857337367624811,-6.8659212590602525,-6.704009722126082,-6.735965712389807,597.9210286283057
129,129.0,2000.0,1994.0,6.0,99.7,0.29999999999999716,258000.0,256704.0,1296.0,0.005161739928639792,0.3,0.003009528585757272,-8.376246764538763,-6.704009722126082,-6.735965712389807,597.9210286283057
130,130.0,2000.0,1991.0,9.0,99.55,0.45000000000000284,260000.0,258695.0,1305.0,0.005161739928639792,0.45,0.0045208437970868905,-7.789192213734068,-6.704009722126082,-6.735965712389807,597.9210286283057
131,131.0,2000.0,1991.0,9.0,99.55,0.45000000000000284,262000.0,260686.0,1314.0,0.005161739928639792,0.45,0.0045208437970868905,-7.789192213734068,-6.704009722126082,-6.735965712389807,597.9210286283057
132,132.0,2000.0,1991.0,9.0,99.55,0.45000000000000284,264000.0,262677.0,1323.0,0.005161739928639792,0.45,0.0045208437970868905,-7.789192213734068,-6.704009722126082,-6.735965712389807,597.9210286283057
133,133.0,2000.0,1988.0,12.0,99.4,0.5999999999999943,266000.0,264665.0,1335.0,0.005161739928639792,0.6,0.00603672032193159,-7.372019321263469,-6.704009722126082,-6.735965712389807,597.9210286283057
134,134.0,2000.0,1989.0,11.0,99.45,0.5499999999999972,268000.0,266654.0,1346.0,0.005161739928639792,0.55,0.0055309200603318245,-7.498264794063009,-6.704009722126082,-6.735965712389807,597.9210286283057
135,135.0,2000.0,1993.0,7.0,99.65,0.3499999999999943,270000.0,268647.0,1353.0,0.005161739928639792,0.35,0.0035127947817360766,-8.153164988209875,-6.704009722126082,-6.735965712389807,597.9210286283057
136,136.0,2000.0,1993.0,7.0,99.65,0.3499999999999943,272000.0,270640.0,1360.0,0.005161739928639792,0.35,0.0035127947817360766,-8.153164988209875,-6.704009722126082,-6.735965712389807,597.9210286283057
137,137.0,2000.0,1989.0,11.0,99.45,0.5499999999999972,274000.0,272629.0,1371.0,0.005161739928639792,0.55,0.0055309200603318245,-7.498264794063009,-6.704009722126082,-6.735965712389807,597.9210286283057
138,138.0,2000.0,1991.0,9.0,99.55,0.45000000000000284,276000.0,274620.0,1380.0,0.005161739928639792,0.45,0.0045208437970868905,-7.789192213734068,-6.704009722126082,-6.735965712389807,597.9210286283057
139,139.0,2000.0,1985.0,15.0,99.25,0.75,278000.0,276605.0,1395.0,0.005161739928639792,0.75,0.007557178841309823,-7.047936519958256,-6.704009722126082,-6.735965712389807,597.9210286283057
140,140.0,2000.0,1988.0,12.0,99.4,0.5999999999999943,280000.0,278593.0,1407.0,0.005161739928639792,0.6,0.00603672032193159,-7.372019321263469,-6.704009722126082,-6.735965712389807,597.9210286283057
141,141.0,2000.0,1992.0,8.0,99.6,0.4000000000000057,282000.0,280585.0,1415.0,0.005161739928639792,0.4,0.00401656626506024,-7.959821606458086,-6.704009722126082,-6.735965712389807,597.9210286283057
142,142.0,2000.0,1989.0,11.0,99.45,0.5499999999999972,284000.0,282574.0,1426.0,0.005161739928639792,0.55,0.0055309200603318245,-7.498264794063009,-6.704009722126082,-6.735965712389807,597.9210286283057
143,143.0,2000.0,1991.0,9.0,99.55,0.45000000000000284,286000.0,284565.0,1435.0,0.005161739928639792,0.45,0.0045208437970868905,-7.789192213734068,-6.704009722126082,-6.735965712389807,597.9210286283057
144,144.0,2000.0,1991.0,9.0,99.55,0.45000000000000284,288000.0,286556.0,1444.0,0.005161739928639792,0.45,0.0045208437970868905,-7.789192213734068,-6.704009722126082,-6.735965712389807,597.9210286283057
145,145.0,2000.0,1991.0,9.0,99.55,0.45000000000000284,290000.0,288547.0,1453.0,0.005161739928639792,0.45,0.0045208437970868905,-7.789192213734068,-6.704009722126082,-6.735965712389807,597.9210286283057
146,146.0,2000.0,1992.0,8.0,99.6,0.4000000000000057,292000.0,290539.0,1461.0,0.005161739928639792,0.4,0.00401656626506024,-7.959821606458086,-6.704009722126082,-6.735965712389807,597.9210286283057
147,147.0,2000.0,1992.0,8.0,99.6,0.4000000000000057,294000.0,292531.0,1469.0,0.005161739928639792,0.4,0.00401656626506024,-7.959821606458086,-6.704009722126082,-6.735965712389807,597.9210286283057
148,148.0,2000.0,1989.0,11.0,99.45,0.5499999999999972,296000.0,294520.0,1480.0,0.005161739928639792,0.55,0.0055309200603318245,-7.498264794063009,-6.704009722126082,-6.735965712389807,597.9210286283057
149,149.0,2000.0,1989.0,11.0,99.45,0.5499999999999972,298000.0,296509.0,1491.0,0.005161739928639792,0.55,0.0055309200603318245,-7.498264794063009,-6.704009722126082,-6.735965712389807,597.9210286283057
150,150.0,2000.0,1985.0,15.0,99.25,0.75,300000.0,298494.0,1506.0,0.005161739928639792,0.75,0.007557178841309823,-7.047936519958256,-6.704009722126082,-6.735965712389807,597.9210286283057
151,151.0,2000.0,1992.0,8.0,99.6,0.4000000000000057,302000.0,300486.0,1514.0,0.005161739928639792,0.4,0.00401656626506024,-7.959821606458086,-6.704009722126082,-6.735965712389807,597.9210286283057
152,152.0,2000.0,1988.0,12.0,99.4,0.5999999999999943,304000.0,302474.0,1526.0,0.005161739928639792,0.6,0.00603672032193159,-7.372019321263469,-6.704009722126082,-6.735965712389807,597.9210286283057
153,153.0,2000.0,1991.0,9.0,99.55,0.45000000000000284,306000.0,304465.0,1535.0,0.005161739928639792,0.45,0.0045208437970868905,-7.789192213734068,-6.704009722126082,-6.735965712389807,597.9210286283057
154,154.0,2000.0,1990.0,10.0,99.5,0.5,308000.0,306455.0,1545.0,0.005161739928639792,0.5,0.005025628140703517,-7.6364803582525544,-6.704009722126082,-6.735965712389807,597.9210286283057
155,155.0,2000.0,1996.0,4.0,99.8,0.20000000000000284,310000.0,308451.0,1549.0,0.005161739928639792,0.2,0.0020045090180360724,-8.962535376653745,-6.704009722126082,-6.735965712389807,597.9210286283057
156,156.0,2000.0,1991.0,9.0,99.55,0.45000000000000284,312000.0,310442.0,1558.0,0.005161739928639792,0.45,0.0045208437970868905,-7.789192213734068,-6.704009722126082,-6.735965712389807,597.9210286283057
157,157.0,2000.0,1985.0,15.0,99.25,0.75,314000.0,312427.0,1573.0,0.005161739928639792,0.75,0.007557178841309823,-7.047936519958256,-6.704009722126082,-6.735965712389807,597.9210286283057
158,158.0,2000.0,1988.0,12.0,99.4,0.5999999999999943,316000.0,314415.0,1585.0,0.005161739928639792,0.6,0.00603672032193159,-7.372019321263469,-6.704009722126082,-6.735965712389807,597.9210286283057
159,159.0,2000.0,1988.0,12.0,99.4,0.5999999999999943,318000.0,316403.0,1597.0,0.005161739928639792,0.6,0.00603672032193159,-7.372019321263469,-6.704009722126082,-6.735965712389807,597.9210286283057
160,160.0,2000.0,1989.0,11.0,99.45,0.5499999999999972,320000.0,318392.0,1608.0,0.005161739928639792,0.55,0.0055309200603318245,-7.498264794063009,-6.704009722126082,-6.735965712389807,597.9210286283057
161,161.0,2000.0,1992.0,8.0,99.6,0.4000000000000057,322000.0,320384.0,1616.0,0.005161739928639792,0.4,0.00401656626506024,-7.959821606458086,-6.704009722126082,-6.735965712389807,597.9210286283057
162,162.0,2000.0,1994.0,6.0,99.7,0.29999999999999716,324000.0,322378.0,1622.0,0.005161739928639792,0.3,0.003009528585757272,-8.376246764538763,-6.704009722126082,-6.735965712389807,597.9210286283057
163,163.0,2000.0,1989.0,11.0,99.45,0.5499999999999972,326000.0,324367.0,1633.0,0.005161739928639792,0.55,0.0055309200603318245,-7.498264794063009,-6.704009722126082,-6.735965712389807,597.9210286283057
164,164.0,2000.0,1990.0,10.0,99.5,0.5,328000.0,326357.0,1643.0,0.005176578968848538,0.5,0.005025628140703517,-7.6364803582525544,-6.704009722126082,-6.733805154901004,597.9858453529698
165,165.0,2000.0,1988.0,12.0,99.4,0.5999999999999943,330000.0,328345.0,1655.0,0.005209510051010158,0.6,0.00603672032193159,-7.372019321263469,-6.704009722126082,-6.729021483433489,598.1293554969953
166,166.0,2000.0,1991.0,9.0,99.55,0.45000000000000284,332000.0,330336.0,1664.0,0.005238680747910829,0.45,0.0045208437970868905,-7.789192213734068,-6.704009722126082,-6.724796751718821,598.2560974484354
167,167.0,2000.0,1989.0,11.0,99.45,0.5499999999999972,334000.0,332325.0,1675.0,0.005241129496675694,0.55,0.0055309200603318245,-7.498264794063009,-6.704009722126082,-6.724442644803121,598.2667206559064
168,168.0,2000.0,1988.0,12.0,99.4,0.5999999999999943,336000.0,334313.0,1687.0,0.005244931087530582,0.6,0.00603672032193159,-7.372019321263469,-6.704009722126082,-6.723893072491214,598.2832078252636
169,169.0,2000.0,1988.0,12.0,99.4,0.5999999999999943,338000.0,336301.0,1699.0,0.005246426582036597,0.6,0.00603672032193159,-7.372019321263469,-6.704009722126082,-6.72367693328955,598.2896920013135
170,170.0,2000.0,1994.0,6.0,99.7,0.29999999999999716,340000.0,338295.0,1705.0,0.005246426582036597,0.3,0.003009528585757272,-8.376246764538763,-6.704009722126082,-6.72367693328955,598.2896920013135
171,171.0,2000.0,1987.0,13.0,99.35,0.6500000000000057,342000.0,340282.0,1718.0,0.005246426582036597,0.65,0.006543029693004529,-7.255825466835081,-6.704009722126082,-6.72367693328955,598.2896920013135
172,172.0,2000.0,1988.0,12.0,99.4,0.5999999999999943,344000.0,342270.0,1730.0,0.005246426582036597,0.6,0.00603672032193159,-7.372019321263469,-6.704009722126082,-6.72367693328955,598.2896920013135
173,173.0,2000.0,1991.0,9.0,99.55,0.45000000000000284,346000.0,344261.0,1739.0,0.005249328653510981,0.45,0.0045208437970868905,-7.789192213734068,-6.704009722126082,-6.723257594622234,598.302272161333
174,174.0,2000.0,1991.0,9.0,99.55,0.45000000000000284,348000.0,346252.0,1748.0,0.005255039705998326,0.45,0.0045208437970868905,-7.789192213734068,-6.704009722126082,-6.722432710405367,598.327018687839
175,175.0,2000.0,1992.0,8.0,99.6,0.4000000000000057,350000.0,348244.0,1756.0,0.005259719288999849,0.4,0.00401656626506024,-7.959821606458086,-6.704009722126082,-6.721757145653933,598.347285630382
176,176.0,2000.0,1995.0,5.0,99.75,0.25,352000.0,350239.0,1761.0,0.005259719288999849,0.25,0.0025067669172932332,-8.639956426064222,-6.704009722126082,-6.721757145653933,598.347285630382
177,177.0,2000.0,1989.0,11.0,99.45,0.5499999999999972,354000.0,352228.0,1772.0,0.005259719288999849,0.55,0.0055309200603318245,-7.498264794063009,-6.704009722126082,-6.721757145653933,598.347285630382
178,178.0,2000.0,1989.0,11.0,99.45,0.5499999999999972,356000.0,354217.0,1783.0,0.005280912303397007,0.55,0.0055309200603318245,-7.498264794063009,-6.704009722126082,-6.718701430790908,598.4389570762728
179,179.0,2000.0,1988.0,12.0,99.4,0.5999999999999943,358000.0,356205.0,1795.0,0.005299043543211234,0.6,0.00603672032193159,-7.372019321263469,-6.704009722126082,-6.716092105073145,598.5172368478056
180,180.0,2000.0,1990.0,10.0,99.5,0.5,360000.0,358195.0,1805.0,0.005299043543211234,0.5,0.005025628140703517,-7.6364803582525544,-6.704009722126082,-6.716092105073145,598.5172368478056
181,181.0,2000.0,1992.0,8.0,99.6,0.4000000000000057,362000.0,360187.0,1813.0,0.005299043543211234,0.4,0.00401656626506024,-7.959821606458086,-6.704009722126082,-6.716092105073145,598.5172368478056
182,182.0,2000.0,1982.0,18.0,99.1,0.9000000000000057,364000.0,362169.0,1831.0,0.005299043543211234,0.9,0.009082240161453078,-6.782736098245981,-6.704009722126082,-6.716092105073145,598.5172368478056
183,183.0,2000.0,1986.0,14.0,99.3,0.7000000000000028,366000.0,364155.0,1845.0,0.005299043543211234,0.7,0.007049848942598187,-7.148191939505161,-6.704009722126082,-6.716092105073145,598.5172368478056
184,184.0,2000.0,1996.0,4.0,99.8,0.20000000000000284,368000.0,366151.0,1849.0,0.005299043543211234,0.2,0.0020045090180360724,-8.962535376653745,-6.704009722126082,-6.716092105073145,598.5172368478056
185,185.0,2000.0,1992.0,8.0,99.6,0.4000000000000057,370000.0,368143.0,1857.0,0.005299043543211234,0.4,0.00401656626506024,-7.959821606458086,-6.704009722126082,-6.716092105073145,598.5172368478056
186,186.0,2000.0,1989.0,11.0,99.45,0.5499999999999972,372000.0,370132.0,1868.0,0.005299043543211234,0.55,0.0055309200603318245,-7.498264794063009,-6.704009722126082,-6.716092105073145,598.5172368478056
187,187.0,2000.0,1987.0,13.0,99.35,0.6500000000000057,374000.0,372119.0,1881.0,0.005299043543211234,0.65,0.006543029693004529,-7.255825466835081,-6.704009722126082,-6.716092105073145,598.5172368478056
188,188.0,2000.0,1986.0,14.0,99.3,0.7000000000000028,376000.0,374105.0,1895.0,0.005299043543211234,0.7,0.007049848942598187,-7.148191939505161,-6.704009722126082,-6.716092105073145,598.5172368478056
189,189.0,2000.0,1988.0,12.0,99.4,0.5999999999999943,378000.0,376093.0,1907.0,0.005299043543211234,0.6,0.00603672032193159,-7.372019321263469,-6.704009722126082,-6.716092105073145,598.5172368478056
190,190.0,2000.0,1992.0,8.0,99.6,0.4000000000000057,380000.0,378085.0,1915.0,0.005299043543211234,0.4,0.00401656626506024,-7.959821606458086,-6.704009722126082,-6.716092105073145,598.5172368478056
191,191.0,2000.0,1987.0,13.0,99.35,0.6500000000000057,382000.0,380072.0,1928.0,0.005299043543211234,0.65,0.006543029693004529,-7.255825466835081,-6.704009722126082,-6.716092105073145,598.5172368478056
192,192.0,2000.0,1989.0,11.0,99.45,0.5499999999999972,384000.0,382061.0,1939.0,0.005299043543211234,0.55,0.0055309200603318245,-7.498264794063009,-6.704009722126082,-6.716092105073145,598.5172368478056
193,193.0,2000.0,1987.0,13.0,99.35,0.6500000000000057,386000.0,384048.0,1952.0,0.005299043543211234,0.65,0.006543029693004529,-7.255825466835081,-6.704009722126082,-6.716092105073145,598.5172368478056
194,194.0,2000.0,1988.0,12.0,99.4,0.5999999999999943,388000.0,386036.0,1964.0,0.005299043543211234,0.6,0.00603672032193159,-7.372019321263469,-6.704009722126082,-6.716092105073145,598.5172368478056
195,195.0,2000.0,1991.0,9.0,99.55,0.45000000000000284,390000.0,388027.0,1973.0,0.005299043543211234,0.45,0.0045208437970868905,-7.789192213734068,-6.704009722126082,-6.716092105073145,598.5172368478056
196,196.0,2000.0,1993.0,7.0,99.65,0.3499999999999943,392000.0,390020.0,1980.0,0.005299043543211234,0.35,0.0035127947817360766,-8.153164988209875,-6.704009722126082,-6.716092105073145,598.5172368478056
197,197.0,2000.0,1991.0,9.0,99.55,0.45000000000000284,394000.0,392011.0,1989.0,0.005299043543211234,0.45,0.0045208437970868905,-7.789192213734068,-6.704009722126082,-6.716092105073145,598.5172368478056
198,198.0,2000.0,1991.0,9.0,99.55,0.45000000000000284,396000.0,394002.0,1998.0,0.005299509703126325,0.45,0.0045208437970868905,-7.789192213734068,-6.704009722126082,-6.716025078238665,598.51924765284
199,199.0,2000.0,1994.0,6.0,99.7,0.29999999999999716,398000.0,395996.0,2004.0,0.005305919559608862,0.3,0.003009528585757272,-8.376246764538763,-6.704009722126082,-6.715103739899641,598.5468878030108
200,200.0,2000.0,1996.0,4.0,99.8,0.20000000000000284,400000.0,397992.0,2008.0,0.005327987710859973,0.2,0.0020045090180360724,-8.962535376653745,-6.704009722126082,-6.71193603027347,598.6419190917959
201,201.0,2000.0,1989.0,11.0,99.45,0.5499999999999972,402000.0,399981.0,2019.0,0.005339162013486548,0.55,0.0055309200603318245,-7.498264794063009,-6.704009722126082,-6.7103345919646396,598.6899622410608
202,202.0,2000.0,1990.0,10.0,99.5,0.5,404000.0,401971.0,2029.0,0.005340290068821262,0.5,0.005025628140703517,-7.6364803582525544,-6.704009722126082,-6.710173020278392,598.6948093916483
203,203.0,2000.0,1988.0,12.0,99.4,0.5999999999999943,406000.0,403959.0,2041.0,0.005340971397099313,0.6,0.00603672032193159,-7.372019321263469,-6.704009722126082,-6.71007544185592,598.6977367443224
204,204.0,2000.0,1986.0,14.0,99.3,0.7000000000000028,408000.0,405945.0,2055.0,0.005340971397099313,0.7,0.007049848942598187,-7.148191939505161,-6.704009722126082,-6.71007544185592,598.6977367443224
205,205.0,2000.0,1989.0,11.0,99.45,0.5499999999999972,410000.0,407934.0,2066.0,0.005340971397099313,0.55,0.0055309200603318245,-7.498264794063009,-6.704009722126082,-6.71007544185592,598.6977367443224
206,206.0,2000.0,1990.0,10.0,99.5,0.5,412000.0,409924.0,2076.0,0.005340971397099313,0.5,0.005025628140703517,-7.6364803582525544,-6.704009722126082,-6.71007544185592,598.6977367443224
207,207.0,2000.0,1986.0,14.0,99.3,0.7000000000000028,414000.0,411910.0,2090.0,0.005340971397099313,0.7,0.007049848942598187,-7.148191939505161,-6.704009722126082,-6.71007544185592,598.6977367443224
208,208.0,2000.0,1986.0,14.0,99.3,0.7000000000000028,416000.0,413896.0,2104.0,0.0053436143995329085,0.7,0.007049848942598187,-7.148191939505161,-6.704009722126082,-6.70969697652724,598.7090907041828
209,209.0,2000.0,1987.0,13.0,99.35,0.6500000000000057,418000.0,415883.0,2117.0,0.0053455337935047805,0.65,0.006543029693004529,-7.255825466835081,-6.704009722126082,-6.709422188252391,598.7173343524282
210,210.0,2000.0,1985.0,15.0,99.25,0.75,420000.0,417868.0,2132.0,0.0053455337935047805,0.75,0.007557178841309823,-7.047936519958256,-6.704009722126082,-6.709422188252391,598.7173343524282
211,211.0,2000.0,1988.0,12.0,99.4,0.5999999999999943,422000.0,419856.0,2144.0,0.0053455337935047805,0.6,0.00603672032193159,-7.372019321263469,-6.704009722126082,-6.709422188252391,598.7173343524282
212,212.0,2000.0,1991.0,9.0,99.55,0.45000000000000284,424000.0,421847.0,2153.0,0.0053455337935047805,0.45,0.0045208437970868905,-7.789192213734068,-6.704009722126082,-6.709422188252391,598.7173343524282
213,213.0,2000.0,1989.0,11.0,99.45,0.5499999999999972,426000.0,423836.0,2164.0,0.0053455337935047805,0.55,0.0055309200603318245,-7.498264794063009,-6.704009722126082,-6.709422188252391,598.7173343524282
214,214.0,2000.0,1994.0,6.0,99.7,0.29999999999999716,428000.0,425830.0,2170.0,0.0053455337935047805,0.3,0.003009528585757272,-8.376246764538763,-6.704009722126082,-6.709422188252391,598.7173343524282
215,215.0,2000.0,1985.0,15.0,99.25,0.75,430000.0,427815.0,2185.0,0.0053455337935047805,0.75,0.007557178841309823,-7.047936519958256,-6.704009722126082,-6.709422188252391,598.7173343524282
216,216.0,2000.0,1990.0,10.0,99.5,0.5,432000.0,429805.0,2195.0,0.0053455337935047805,0.5,0.005025628140703517,-7.6364803582525544,-6.704009722126082,-6.709422188252391,598.7173343524282
217,217.0,2000.0,1988.0,12.0,99.4,0.5999999999999943,434000.0,431793.0,2207.0,0.0053455337935047805,0.6,0.00603672032193159,-7.372019321263469,-6.704009722126082,-6.709422188252391,598.7173343524282
218,218.0,2000.0,1991.0,9.0,99.55,0.45000000000000284,436000.0,433784.0,2216.0,0.0053455337935047805,0.45,0.0045208437970868905,-7.789192213734068,-6.704009722126082,-6.709422188252391,598.7173343524282
219,219.0,2000.0,1982.0,18.0,99.1,0.9000000000000057,438000.0,435766.0,2234.0,0.0053455337935047805,0.9,0.009082240161453078,-6.782736098245981,-6.704009722126082,-6.709422188252391,598.7173343524282
220,220.0,2000.0,1995.0,5.0,99.75,0.25,440000.0,437761.0,2239.0,0.0053455337935047805,0.25,0.0025067669172932332,-8.639956426064222,-6.704009722126082,-6.709422188252391,598.7173343524282
221,221.0,2000.0,1987.0,13.0,99.35,0.6500000000000057,442000.0,439748.0,2252.0,0.0053455337935047805,0.65,0.006543029693004529,-7.255825466835081,-6.704009722126082,-6.709422188252391,598.7173343524282
222,222.0,2000.0,1993.0,7.0,99.65,0.3499999999999943,444000.0,441741.0,2259.0,0.0053455337935047805,0.35,0.0035127947817360766,-8.153164988209875,-6.704009722126082,-6.709422188252391,598.7173343524282
223,223.0,2000.0,1986.0,14.0,99.3,0.7000000000000028,446000.0,443727.0,2273.0,0.0053455337935047805,0.7,0.007049848942598187,-7.148191939505161,-6.704009722126082,-6.709422188252391,598.7173343524282
224,224.0,2000.0,1991.0,9.0,99.55,0.45000000000000284,448000.0,445718.0,2282.0,0.0053455337935047805,0.45,0.0045208437970868905,-7.789192213734068,-6.704009722126082,-6.709422188252391,598.7173343524282
225,225.0,2000.0,1989.0,11.0,99.45,0.5499999999999972,450000.0,447707.0,2293.0,0.0053455337935047805,0.55,0.0055309200603318245,-7.498264794063009,-6.704009722126082,-6.709422188252391,598.7173343524282
226,226.0,2000.0,1987.0,13.0,99.35,0.6500000000000057,452000.0,449694.0,2306.0,0.0053455337935047805,0.65,0.006543029693004529,-7.255825466835081,-6.704009722126082,-6.709422188252391,598.7173343524282
227,227.0,2000.0,1992.0,8.0,99.6,0.4000000000000057,454000.0,451686.0,2314.0,0.0053455337935047805,0.4,0.00401656626506024,-7.959821606458086,-6.704009722126082,-6.709422188252391,598.7173343524282
228,228.0,2000.0,1993.0,7.0,99.65,0.3499999999999943,456000.0,453679.0,2321.0,0.0053455337935047805,0.35,0.0035127947817360766,-8.153164988209875,-6.704009722126082,-6.709422188252391,598.7173343524282
229,229.0,2000.0,1996.0,4.0,99.8,0.20000000000000284,458000.0,455675.0,2325.0,0.0053455337935047805,0.2,0.0020045090180360724,-8.962535376653745,-6.704009722126082,-6.709422188252391,598.7173343524282
230,230.0,2000.0,1993.0,7.0,99.65,0.3499999999999943,460000.0,457668.0,2332.0,0.0053455337935047805,0.35,0.0035127947817360766,-8.153164988209875,-6.704009722126082,-6.709422188252391,598.7173343524282
231,231.0,2000.0,1990.0,10.0,99.5,0.5,462000.0,459658.0,2342.0,0.0053455337935047805,0.5,0.005025628140703517,-7.6364803582525544,-6.704009722126082,-6.709422188252391,598.7173343524282
232,232.0,2000.0,1992.0,8.0,99.6,0.4000000000000057,464000.0,461650.0,2350.0,0.0053455337935047805,0.4,0.00401656626506024,-7.959821606458086,-6.704009722126082,-6.709422188252391,598.7173343524282
233,233.0,2000.0,1982.0,18.0,99.1,0.9000000000000057,466000.0,463632.0,2368.0,0.0053455337935047805,0.9,0.009082240161453078,-6.782736098245981,-6.704009722126082,-6.709422188252391,598.7173343524282
234,234.0,2000.0,1987.0,13.0,99.35,0.6500000000000057,468000.0,465619.0,2381.0,0.0053455337935047805,0.65,0.006543029693004529,-7.255825466835081,-6.704009722126082,-6.709422188252391,598.7173343524282
235,235.0,2000.0,1987.0,13.0,99.35,0.6500000000000057,470000.0,467606.0,2394.0,0.0053455337935047805,0.65,0.006543029693004529,-7.255825466835081,-6.704009722126082,-6.709422188252391,598.7173343524282
236,236.0,2000.0,1991.0,9.0,99.55,0.45000000000000284,472000.0,469597.0,2403.0,0.005347090421327532,0.45,0.0045208437970868905,-7.789192213734068,-6.704009722126082,-6.709199371981177,598.7240188405647
237,237.0,2000.0,1991.0,9.0,99.55,0.45000000000000284,474000.0,471588.0,2412.0,0.005362939726836563,0.45,0.0045208437970868905,-7.789192213734068,-6.704009722126082,-6.706932576722099,598.7920226983371
238,238.0,2000.0,1987.0,13.0,99.35,0.6500000000000057,476000.0,473575.0,2425.0,0.005382338933688167,0.65,0.006543029693004529,-7.255825466835081,-6.704009722126082,-6.704162717492579,598.8751184752226
239,239.0,2000.0,1982.0,18.0,99.1,0.9000000000000057,478000.0,475557.0,2443.0,0.005382338933688167,0.9,0.009082240161453078,-6.782736098245981,-6.704009722126082,-6.704162717492579,598.8751184752226
240,240.0,2000.0,1992.0,8.0,99.6,0.4000000000000057,480000.0,477549.0,2451.0,0.005385547540452561,0.4,0.00401656626506024,-7.959821606458086,-6.704009722126082,-6.703705077905366,598.888847662839
241,241.0,2000.0,1986.0,14.0,99.3,0.7000000000000028,482000.0,479535.0,2465.0,0.005386792532948007,0.7,0.007049848942598187,-7.148191939505161,-6.704009722126082,-6.703527543724189,598.8941736882743
242,242.0,2000.0,1990.0,10.0,99.5,0.5,484000.0,481525.0,2475.0,0.005386792532948007,0.5,0.005025628140703517,-7.6364803582525544,-6.704009722126082,-6.703527543724189,598.8941736882743
243,243.0,2000.0,1988.0,12.0,99.4,0.5999999999999943,486000.0,483513.0,2487.0,0.005386792532948007,0.6,0.00603672032193159,-7.372019321263469,-6.704009722126082,-6.703527543724189,598.8941736882743
244,244.0,2000.0,1988.0,12.0,99.4,0.5999999999999943,488000.0,485501.0,2499.0,0.005386792532948007,0.6,0.00603672032193159,-7.372019321263469,-6.704009722126082,-6.703527543724189,598.8941736882743
245,245.0,2000.0,1993.0,7.0,99.65,0.3499999999999943,490000.0,487494.0,2506.0,0.005386792532948007,0.35,0.0035127947817360766,-8.153164988209875,-6.704009722126082,-6.703527543724189,598.8941736882743
246,246.0,2000.0,1986.0,14.0,99.3,0.7000000000000028,492000.0,489480.0,2520.0,0.005386792532948007,0.7,0.007049848942598187,-7.148191939505161,-6.704009722126082,-6.703527543724189,598.8941736882743
247,247.0,2000.0,1994.0,6.0,99.7,0.29999999999999716,494000.0,491474.0,2526.0,0.005386792532948007,0.3,0.003009528585757272,-8.376246764538763,-6.704009722126082,-6.703527543724189,598.8941736882743
248,248.0,2000.0,1994.0,6.0,99.7,0.29999999999999716,496000.0,493468.0,2532.0,0.005386792532948007,0.3,0.003009528585757272,-8.376246764538763,-6.704009722126082,-6.703527543724189,598.8941736882743
249,249.0,2000.0,1991.0,9.0,99.55,0.45000000000000284,498000.0,495459.0,2541.0,0.005386792532948007,0.45,0.0045208437970868905,-7.789192213734068,-6.704009722126082,-6.703527543724189,598.8941736882743
250,250.0,2000.0,1993.0,7.0,99.65,0.3499999999999943,500000.0,497452.0,2548.0,0.005389969331329201,0.35,0.0035127947817360766,-8.153164988209875,-6.704009722126082,-6.70307463181632,598.9077610455104
251,251.0,2000.0,1990.0,10.0,99.5,0.5,502000.0,499442.0,2558.0,0.005411636156881324,0.5,0.005025628140703517,-7.6364803582525544,-6.704009722126082,-6.699989258738692,599.0003222378392
252,252.0,2000.0,1989.0,11.0,99.45,0.5499999999999972,504000.0,501431.0,2569.0,0.00541244629544141,0.55,0.0055309200603318245,-7.498264794063009,-6.704009722126082,-6.6998740172130375,599.0037794836089
253,253.0,2000.0,1992.0,8.0,99.6,0.4000000000000057,506000.0,503423.0,2577.0,0.00541244629544141,0.4,0.00401656626506024,-7.959821606458086,-6.704009722126082,-6.6998740172130375,599.0037794836089
254,254.0,2000.0,1987.0,13.0,99.35,0.6500000000000057,508000.0,505410.0,2590.0,0.00541244629544141,0.65,0.006543029693004529,-7.255825466835081,-6.704009722126082,-6.6998740172130375,599.0037794836089
255,255.0,2000.0,1992.0,8.0,99.6,0.4000000000000057,510000.0,507402.0,2598.0,0.005419539030131514,0.4,0.00401656626506024,-7.959821606458086,-6.704009722126082,-6.698865459129905,599.0340362261029
256,256.0,2000.0,1989.0,11.0,99.45,0.5499999999999972,512000.0,509391.0,2609.0,0.0054528171496836374,0.55,0.0055309200603318245,-7.498264794063009,-6.704009722126082,-6.694142468151471,599.1757259554558
257,257.0,2000.0,1987.0,13.0,99.35,0.6500000000000057,514000.0,511378.0,2622.0,0.005477833306124325,0.65,0.006543029693004529,-7.255825466835081,-6.704009722126082,-6.690601807845533,599.281945764634
258,258.0,2000.0,1991.0,9.0,99.55,0.45000000000000284,516000.0,513369.0,2631.0,0.005483941002684068,0.45,0.0045208437970868905,-7.789192213734068,-6.704009722126082,-6.689738621512759,599.3078413546173
259,259.0,2000.0,1990.0,10.0,99.5,0.5,518000.0,515359.0,2641.0,0.0054954227849081825,0.5,0.005025628140703517,-7.6364803582525544,-6.704009722126082,-6.688117269889756,599.3564819033073
260,260.0,2000.0,1986.0,14.0,99.3,0.7000000000000028,520000.0,517345.0,2655.0,0.005499968880776737,0.7,0.007049848942598187,-7.148191939505161,-6.704009722126082,-6.687475795403298,599.3757261379011
261,261.0,2000.0,1987.0,13.0,99.35,0.6500000000000057,522000.0,519332.0,2668.0,0.005499968880776737,0.65,0.006543029693004529,-7.255825466835081,-6.704009722126082,-6.687475795403298,599.3757261379011
262,262.0,2000.0,1989.0,11.0,99.45,0.5499999999999972,524000.0,521321.0,2679.0,0.005499968880776737,0.55,0.0055309200603318245,-7.498264794063009,-6.704009722126082,-6.687475795403298,599.3757261379011
263,263.0,2000.0,1993.0,7.0,99.65,0.3499999999999943,526000.0,523314.0,2686.0,0.005499968880776737,0.35,0.0035127947817360766,-8.153164988209875,-6.704009722126082,-6.687475795403298,599.3757261379011
264,264.0,2000.0,1989.0,11.0,99.45,0.5499999999999972,528000.0,525303.0,2697.0,0.005499968880776737,0.55,0.0055309200603318245,-7.498264794063009,-6.704009722126082,-6.687475795403298,599.3757261379011
265,265.0,2000.0,1981.0,19.0,99.05,0.9500000000000028,530000.0,527284.0,2716.0,0.005499968880776737,0.95,0.009591620393740535,-6.704009722126082,-6.704009722126082,-6.687475795403298,599.3757261379011
266,266.0,2000.0,1987.0,13.0,99.35,0.6500000000000057,532000.0,529271.0,2729.0,0.005499968880776737,0.65,0.006543029693004529,-7.255825466835081,-6.704009722126082,-6.687475795403298,599.3757261379011
267,267.0,2000.0,1987.0,13.0,99.35,0.6500000000000057,534000.0,531258.0,2742.0,0.005499968880776737,0.65,0.006543029693004529,-7.255825466835081,-6.704009722126082,-6.687475795403298,599.3757261379011
268,268.0,2000.0,1983.0,17.0,99.15,0.8499999999999943,536000.0,533241.0,2759.0,0.005499968880776737,0.85,0.00857337367624811,-6.8659212590602525,-6.704009722126082,-6.687475795403298,599.3757261379011
269,269.0,2000.0,1992.0,8.0,99.6,0.4000000000000057,538000.0,535233.0,2767.0,0.005499968880776737,0.4,0.00401656626506024,-7.959821606458086,-6.704009722126082,-6.687475795403298,599.3757261379011
270,270.0,2000.0,1993.0,7.0,99.65,0.3499999999999943,540000.0,537226.0,2774.0,0.005499968880776737,0.35,0.0035127947817360766,-8.153164988209875,-6.704009722126082,-6.687475795403298,599.3757261379011
271,271.0,2000.0,1984.0,16.0,99.2,0.7999999999999972,542000.0,539210.0,2790.0,0.005499968880776737,0.8,0.008065020161290324,-6.954106144764466,-6.704009722126082,-6.687475795403298,599.3757261379011
272,272.0,2000.0,1993.0,7.0,99.65,0.3499999999999943,544000.0,541203.0,2797.0,0.005499968880776737,0.35,0.0035127947817360766,-8.153164988209875,-6.704009722126082,-6.687475795403298,599.3757261379011
273,273.0,2000.0,1988.0,12.0,99.4,0.5999999999999943,546000.0,543191.0,2809.0,0.005499968880776737,0.6,0.00603672032193159,-7.372019321263469,-6.704009722126082,-6.687475795403298,599.3757261379011
274,274.0,2000.0,1986.0,14.0,99.3,0.7000000000000028,548000.0,545177.0,2823.0,0.005499968880776737,0.7,0.007049848942598187,-7.148191939505161,-6.704009722126082,-6.687475795403298,599.3757261379011
275,275.0,2000.0,1993.0,7.0,99.65,0.3499999999999943,550000.0,547170.0,2830.0,0.005499968880776737,0.35,0.0035127947817360766,-8.153164988209875,-6.704009722126082,-6.687475795403298,599.3757261379011
276,276.0,2000.0,1995.0,5.0,99.75,0.25,552000.0,549165.0,2835.0,0.005499968880776737,0.25,0.0025067669172932332,-8.639956426064222,-6.704009722126082,-6.687475795403298,599.3757261379011
277,277.0,2000.0,1987.0,13.0,99.35,0.6500000000000057,554000.0,551152.0,2848.0,0.005499968880776737,0.65,0.006543029693004529,-7.255825466835081,-6.704009722126082,-6.687475795403298,599.3757261379011
278,278.0,2000.0,1982.0,18.0,99.1,0.9000000000000057,556000.0,553134.0,2866.0,0.005504803870275133,0.9,0.009082240161453078,-6.782736098245981,-6.704009722126082,-6.686793857207641,599.3961842837708
279,279.0,2000.0,1981.0,19.0,99.05,0.9500000000000028,558000.0,555115.0,2885.0,0.005514613548079335,0.95,0.009591620393740535,-6.704009722126082,-6.704009722126082,-6.685411227905072,599.4376631628479
280,280.0,2000.0,1991.0,9.0,99.55,0.45000000000000284,560000.0,557106.0,2894.0,0.005514613548079335,0.45,0.0045208437970868905,-7.789192213734068,-6.704009722126082,-6.685411227905072,599.4376631628479
281,281.0,2000.0,1986.0,14.0,99.3,0.7000000000000028,562000.0,559092.0,2908.0,0.005514613548079335,0.7,0.007049848942598187,-7.148191939505161,-6.704009722126082,-6.685411227905072,599.4376631628479
282,282.0,2000.0,1988.0,12.0,99.4,0.5999999999999943,564000.0,561080.0,2920.0,0.005514613548079335,0.6,0.00603672032193159,-7.372019321263469,-6.704009722126082,-6.685411227905072,599.4376631628479
283,283.0,2000.0,1990.0,10.0,99.5,0.5,566000.0,563070.0,2930.0,0.005514613548079335,0.5,0.005025628140703517,-7.6364803582525544,-6.704009722126082,-6.685411227905072,599.4376631628479
284,284.0,2000.0,1994.0,6.0,99.7,0.29999999999999716,568000.0,565064.0,2936.0,0.005514613548079335,0.3,0.003009528585757272,-8.376246764538763,-6.704009722126082,-6.685411227905072,599.4376631628479
285,285.0,2000.0,1988.0,12.0,99.4,0.5999999999999943,570000.0,567052.0,2948.0,0.005521173101001011,0.6,0.00603672032193159,-7.372019321263469,-6.704009722126082,-6.684487398369297,599.4653780489211
286,286.0,2000.0,1989.0,11.0,99.45,0.5499999999999972,572000.0,569041.0,2959.0,0.005568768430304784,0.55,0.0055309200603318245,-7.498264794063009,-6.704009722126082,-6.677801164977496,599.6659650506751
287,287.0,2000.0,1995.0,5.0,99.75,0.25,574000.0,571036.0,2964.0,0.005584710993383296,0.25,0.0025067669172932332,-8.639956426064222,-6.704009722126082,-6.675568176805731,599.7329546958281
288,288.0,2000.0,1983.0,17.0,99.15,0.8499999999999943,576000.0,573019.0,2981.0,0.005584734482392544,0.85,0.00857337367624811,-6.8659212590602525,-6.704009722126082,-6.675564889275258,599.7330533217423
289,289.0,2000.0,1993.0,7.0,99.65,0.3499999999999943,578000.0,575012.0,2988.0,0.005584734482392544,0.35,0.0035127947817360766,-8.153164988209875,-6.704009722126082,-6.675564889275258,599.7330533217423
290,290.0,2000.0,1988.0,12.0,99.4,0.5999999999999943,580000.0,577000.0,3000.0,0.005586433560536157,0.6,0.00603672032193159,-7.372019321263469,-6.704009722126082,-6.675327104744941,599.7401868576518
291,291.0,2000.0,1987.0,13.0,99.35,0.6500000000000057,582000.0,578987.0,3013.0,0.0055983196557582,0.65,0.006543029693004529,-7.255825466835081,-6.704009722126082,-6.6736647076105085,599.7900587716847
292,292.0,2000.0,1986.0,14.0,99.3,0.7000000000000028,584000.0,580973.0,3027.0,0.005611861522480192,0.7,0.007049848942598187,-7.148191939505161,-6.704009722126082,-6.671772972115774,599.8468108365267
293,293.0,2000.0,1993.0,7.0,99.65,0.3499999999999943,586000.0,582966.0,3034.0,0.0056159675981072,0.35,0.0035127947817360766,-8.153164988209875,-6.704009722126082,-6.671199842833066,599.864004715008
294,294.0,2000.0,1992.0,8.0,99.6,0.4000000000000057,588000.0,584958.0,3042.0,0.0056159675981072,0.4,0.00401656626506024,-7.959821606458086,-6.704009722126082,-6.671199842833066,599.864004715008
295,295.0,2000.0,1987.0,13.0,99.35,0.6500000000000057,590000.0,586945.0,3055.0,0.0056159675981072,0.65,0.006543029693004529,-7.255825466835081,-6.704009722126082,-6.671199842833066,599.864004715008
296,296.0,2000.0,1986.0,14.0,99.3,0.7000000000000028,592000.0,588931.0,3069.0,0.0056159675981072,0.7,0.007049848942598187,-7.148191939505161,-6.704009722126082,-6.671199842833066,599.864004715008
297,297.0,2000.0,1990.0,10.0,99.5,0.5,594000.0,590921.0,3079.0,0.0056159675981072,0.5,0.005025628140703517,-7.6364803582525544,-6.704009722126082,-6.671199842833066,599.864004715008
298,298.0,2000.0,1987.0,13.0,99.35,0.6500000000000057,596000.0,592908.0,3092.0,0.005616916308060785,0.65,0.006543029693004529,-7.255825466835081,-6.704009722126082,-6.671067452234529,599.8679764329642
299,299.0,2000.0,1985.0,15.0,99.25,0.75,598000.0,594893.0,3107.0,0.005633593329360588,0.75,0.007557178841309823,-7.047936519958256,-6.704009722126082,-6.668742109784195,599.9377367064742
300,300.0,2000.0,1991.0,9.0,99.55,0.45000000000000284,600000.0,596884.0,3116.0,0.005647615064985124,0.45,0.0045208437970868905,-7.789192213734068,-6.704009722126082,-6.666789785310309,599.9963064406908
301,301.0,2000.0,1994.0,6.0,99.7,0.29999999999999716,602000.0,598878.0,3122.0,0.005666634127566997,0.3,0.003009528585757272,-8.376246764538763,-6.704009722126082,-6.6641457025909405,600.0756289222718
302,302.0,2000.0,1988.0,12.0,99.4,0.5999999999999943,604000.0,600866.0,3134.0,0.005701762796115814,0.6,0.00603672032193159,-7.372019321263469,-6.704009722126082,-6.6592742173276775,600.2217734801696
303,303.0,2000.0,1991.0,9.0,99.55,0.45000000000000284,606000.0,602857.0,3143.0,0.005709824439335475,0.45,0.0045208437970868905,-7.789192213734068,-6.704009722126082,-6.658158489492628,600.2552453152211
304,304.0,2000.0,1993.0,7.0,99.65,0.3499999999999943,608000.0,604850.0,3150.0,0.005710900041261767,0.35,0.0035127947817360766,-8.153164988209875,-6.704009722126082,-6.658009689281146,600.2597093215657
305,305.0,2000.0,1990.0,10.0,99.5,0.5,610000.0,606840.0,3160.0,0.005710900041261767,0.5,0.005025628140703517,-7.6364803582525544,-6.704009722126082,-6.658009689281146,600.2597093215657
306,306.0,2000.0,1991.0,9.0,99.55,0.45000000000000284,612000.0,608831.0,3169.0,0.005710900041261767,0.45,0.0045208437970868905,-7.789192213734068,-6.704009722126082,-6.658009689281146,600.2597093215657
307,307.0,2000.0,1987.0,13.0,99.35,0.6500000000000057,614000.0,610818.0,3182.0,0.005710900041261767,0.65,0.006543029693004529,-7.255825466835081,-6.704009722126082,-6.658009689281146,600.2597093215657
308,308.0,2000.0,1989.0,11.0,99.45,0.5499999999999972,616000.0,612807.0,3193.0,0.005710900041261767,0.55,0.0055309200603318245,-7.498264794063009,-6.704009722126082,-6.658009689281146,600.2597093215657
309,309.0,2000.0,1986.0,14.0,99.3,0.7000000000000028,618000.0,614793.0,3207.0,0.005710900041261767,0.7,0.007049848942598187,-7.148191939505161,-6.704009722126082,-6.658009689281146,600.2597093215657
310,310.0,2000.0,1991.0,9.0,99.55,0.45000000000000284,620000.0,616784.0,3216.0,0.005710900041261767,0.45,0.0045208437970868905,-7.789192213734068,-6.704009722126082,-6.658009689281146,600.2597093215657
311,311.0,2000.0,1990.0,10.0,99.5,0.5,622000.0,618774.0,3226.0,0.005710900041261767,0.5,0.005025628140703517,-7.6364803582525544,-6.704009722126082,-6.658009689281146,600.2597093215657
312,312.0,2000.0,1990.0,10.0,99.5,0.5,624000.0,620764.0,3236.0,0.005710900041261767,0.5,0.005025628140703517,-7.6364803582525544,-6.704009722126082,-6.658009689281146,600.2597093215657
313,313.0,2000.0,1988.0,12.0,99.4,0.5999999999999943,626000.0,622752.0,3248.0,0.005710900041261767,0.6,0.00603672032193159,-7.372019321263469,-6.704009722126082,-6.658009689281146,600.2597093215657
314,314.0,2000.0,1990.0,10.0,99.5,0.5,628000.0,624742.0,3258.0,0.005714533814094617,0.5,0.005025628140703517,-7.6364803582525544,-6.704009722126082,-6.657507097222246,600.2747870833326
315,315.0,2000.0,1990.0,10.0,99.5,0.5,630000.0,626732.0,3268.0,0.005715678190072087,0.5,0.005025628140703517,-7.6364803582525544,-6.704009722126082,-6.657348851823148,600.2795344453056
316,316.0,2000.0,1987.0,13.0,99.35,0.6500000000000057,632000.0,628719.0,3281.0,0.005719421157996916,0.65,0.006543029693004529,-7.255825466835081,-6.704009722126082,-6.656831387010549,600.2950583896835
317,317.0,2000.0,1990.0,10.0,99.5,0.5,634000.0,630709.0,3291.0,0.005730389777038493,0.5,0.005025628140703517,-7.6364803582525544,-6.704009722126082,-6.6553160022606255,600.3405199321812
318,318.0,2000.0,1986.0,14.0,99.3,0.7000000000000028,636000.0,632695.0,3305.0,0.005740566096019992,0.7,0.007049848942598187,-7.148191939505161,-6.704009722126082,-6.65391144400832,600.3826566797504
319,319.0,2000.0,1988.0,12.0,99.4,0.5999999999999943,638000.0,634683.0,3317.0,0.0057415376007883875,0.6,0.00603672032193159,-7.372019321263469,-6.704009722126082,-6.653777423369955,600.3866772989013
320,320.0,2000.0,1988.0,12.0,99.4,0.5999999999999943,640000.0,636671.0,3329.0,0.0057415376007883875,0.6,0.00603672032193159,-7.372019321263469,-6.704009722126082,-6.653777423369955,600.3866772989013
321,321.0,2000.0,1990.0,10.0,99.5,0.5,642000.0,638661.0,3339.0,0.0057415376007883875,0.5,0.005025628140703517,-7.6364803582525544,-6.704009722126082,-6.653777423369955,600.3866772989013
322,322.0,2000.0,1988.0,12.0,99.4,0.5999999999999943,644000.0,640649.0,3351.0,0.005745213659322873,0.6,0.00603672032193159,-7.372019321263469,-6.704009722126082,-6.653270413354708,600.4018875993588
323,323.0,2000.0,1987.0,13.0,99.35,0.6500000000000057,646000.0,642636.0,3364.0,0.005769422516819857,0.65,0.006543029693004529,-7.255825466835081,-6.704009722126082,-6.6499357404032695,600.5019277879019
324,324.0,2000.0,1990.0,10.0,99.5,0.5,648000.0,644626.0,3374.0,0.005773642560102714,0.5,0.005025628140703517,-7.6364803582525544,-6.704009722126082,-6.649355202937619,600.5193439118714
325,325.0,2000.0,1992.0,8.0,99.6,0.4000000000000057,650000.0,646618.0,3382.0,0.005773642560102714,0.4,0.00401656626506024,-7.959821606458086,-6.704009722126082,-6.649355202937619,600.5193439118714
326,326.0,2000.0,1990.0,10.0,99.5,0.5,652000.0,648608.0,3392.0,0.005773642560102714,0.5,0.005025628140703517,-7.6364803582525544,-6.704009722126082,-6.649355202937619,600.5193439118714
327,327.0,2000.0,1991.0,9.0,99.55,0.45000000000000284,654000.0,650599.0,3401.0,0.005773642560102714,0.45,0.0045208437970868905,-7.789192213734068,-6.704009722126082,-6.649355202937619,600.5193439118714
328,328.0,2000.0,1988.0,12.0,99.4,0.5999999999999943,656000.0,652587.0,3413.0,0.005773642560102714,0.6,0.00603672032193159,-7.372019321263469,-6.704009722126082,-6.649355202937619,600.5193439118714
329,329.0,2000.0,1991.0,9.0,99.55,0.45000000000000284,658000.0,654578.0,3422.0,0.005773642560102714,0.45,0.0045208437970868905,-7.789192213734068,-6.704009722126082,-6.649355202937619,600.5193439118714
330,330.0,2000.0,1986.0,14.0,99.3,0.7000000000000028,660000.0,656564.0,3436.0,0.005773642560102714,0.7,0.007049848942598187,-7.148191939505161,-6.704009722126082,-6.649355202937619,600.5193439118714
331,331.0,2000.0,1991.0,9.0,99.55,0.45000000000000284,662000.0,658555.0,3445.0,0.005773642560102714,0.45,0.0045208437970868905,-7.789192213734068,-6.704009722126082,-6.649355202937619,600.5193439118714
332,332.0,2000.0,1991.0,9.0,99.55,0.45000000000000284,664000.0,660546.0,3454.0,0.005773642560102714,0.45,0.0045208437970868905,-7.789192213734068,-6.704009722126082,-6.649355202937619,600.5193439118714
333,333.0,2000.0,1990.0,10.0,99.5,0.5,666000.0,662536.0,3464.0,0.005773642560102714,0.5,0.005025628140703517,-7.6364803582525544,-6.704009722126082,-6.649355202937619,600.5193439118714
334,334.0,2000.0,1988.0,12.0,99.4,0.5999999999999943,668000.0,664524.0,3476.0,0.005773642560102714,0.6,0.00603672032193159,-7.372019321263469,-6.704009722126082,-6.649355202937619,600.5193439118714
335,335.0,2000.0,1989.0,11.0,99.45,0.5499999999999972,670000.0,666513.0,3487.0,0.005773642560102714,0.55,0.0055309200603318245,-7.498264794063009,-6.704009722126082,-6.649355202937619,600.5193439118714
336,336.0,2000.0,1991.0,9.0,99.55,0.45000000000000284,672000.0,668504.0,3496.0,0.005773642560102714,0.45,0.0045208437970868905,-7.789192213734068,-6.704009722126082,-6.649355202937619,600.5193439118714
337,337.0,2000.0,1987.0,13.0,99.35,0.6500000000000057,674000.0,670491.0,3509.0,0.005808516509890097,0.65,0.006543029693004529,-7.255825466835081,-6.704009722126082,-6.644566272526689,600.6630118241993
338,338.0,2000.0,1991.0,9.0,99.55,0.45000000000000284,676000.0,672482.0,3518.0,0.005842876562389186,0.45,0.0045208437970868905,-7.789192213734068,-6.704009722126082,-6.6398627868869635,600.804116393391
339,339.0,2000.0,1990.0,10.0,99.5,0.5,678000.0,674472.0,3528.0,0.005842885655089559,0.5,0.005025628140703517,-7.6364803582525544,-6.704009722126082,-6.639861544149502,600.804153675515
340,340.0,2000.0,1990.0,10.0,99.5,0.5,680000.0,676462.0,3538.0,0.005842885655089559,0.5,0.005025628140703517,-7.6364803582525544,-6.704009722126082,-6.639861544149502,600.804153675515
341,341.0,2000.0,1985.0,15.0,99.25,0.75,682000.0,678447.0,3553.0,0.0058540738802830665,0.75,0.007557178841309823,-7.047936519958256,-6.704009722126082,-6.638333180423045,600.8500045873086
342,342.0,2000.0,1983.0,17.0,99.15,0.8499999999999943,684000.0,680430.0,3570.0,0.005868309242184646,0.85,0.00857337367624811,-6.8659212590602525,-6.704009722126082,-6.636390807362446,600.9082757791266
343,343.0,2000.0,1991.0,9.0,99.55,0.45000000000000284,686000.0,682421.0,3579.0,0.005868882853337418,0.45,0.0045208437970868905,-7.789192213734068,-6.704009722126082,-6.636312592395816,600.9106222281255
344,344.0,2000.0,1987.0,13.0,99.35,0.6500000000000057,688000.0,684408.0,3592.0,0.005871566582833877,0.65,0.006543029693004529,-7.255825466835081,-6.704009722126082,-6.635946705493234,600.921598835203
345,345.0,2000.0,1987.0,13.0,99.35,0.6500000000000057,690000.0,686395.0,3605.0,0.005874627564058075,0.65,0.006543029693004529,-7.255825466835081,-6.704009722126082,-6.63552949457219,600.9341151628344
346,346.0,2000.0,1978.0,22.0,98.9,1.0999999999999943,692000.0,688373.0,3627.0,0.005875828381954355,1.1,0.011122851365015167,-6.4903295165648425,-6.4903295165648425,-6.635365855032267,600.939024349032
347,347.0,2000.0,1990.0,10.0,99.5,0.5,694000.0,690363.0,3637.0,0.005875828381954355,0.5,0.005025628140703517,-7.6364803582525544,-6.4903295165648425,-6.635365855032267,600.939024349032
348,348.0,2000.0,1986.0,14.0,99.3,0.7000000000000028,696000.0,692349.0,3651.0,0.005875828381954355,0.7,0.007049848942598187,-7.148191939505161,-6.4903295165648425,-6.635365855032267,600.939024349032
349,349.0,2000.0,1988.0,12.0,99.4,0.5999999999999943,698000.0,694337.0,3663.0,0.005875828381954355,0.6,0.00603672032193159,-7.372019321263469,-6.4903295165648425,-6.635365855032267,600.939024349032
350,350.0,2000.0,1983.0,17.0,99.15,0.8499999999999943,700000.0,696320.0,3680.0,0.005875828381954355,0.85,0.00857337367624811,-6.8659212590602525,-6.4903295165648425,-6.635365855032267,600.939024349032
351,351.0,2000.0,1990.0,10.0,99.5,0.5,702000.0,698310.0,3690.0,0.00587979386727943,0.5,0.005025628140703517,-7.6364803582525544,-6.4903295165648425,-6.634825591364525,600.9552322590642
352,352.0,2000.0,1994.0,6.0,99.7,0.29999999999999716,704000.0,700304.0,3696.0,0.005907168097280315,0.3,0.003009528585757272,-8.376246764538763,-6.4903295165648425,-6.6311013723041485,601.0669588308756
353,353.0,2000.0,1990.0,10.0,99.5,0.5,706000.0,702294.0,3706.0,0.005907557615342187,0.5,0.005025628140703517,-7.6364803582525544,-6.4903295165648425,-6.631048445529981,601.0685466341006
354,354.0,2000.0,1991.0,9.0,99.55,0.45000000000000284,708000.0,704285.0,3715.0,0.0059112820307866175,0.45,0.0045208437970868905,-7.789192213734068,-6.4903295165648425,-6.630542475011332,601.0837257496601
355,355.0,2000.0,1989.0,11.0,99.45,0.5499999999999972,710000.0,706274.0,3726.0,0.005944036543963262,0.55,0.0055309200603318245,-7.498264794063009,-6.4903295165648425,-6.626100016918894,601.2169994924332
356,356.0,2000.0,1985.0,15.0,99.25,0.75,712000.0,708259.0,3741.0,0.00596756469170392,0.75,0.007557178841309823,-7.047936519958256,-6.4903295165648425,-6.622917002296498,601.3124899311051
357,357.0,2000.0,1991.0,9.0,99.55,0.45000000000000284,714000.0,710250.0,3750.0,0.005973993578988201,0.45,0.0045208437970868905,-7.789192213734068,-6.4903295165648425,-6.6220484386989,601.338546839033
358,358.0,2000.0,1988.0,12.0,99.4,0.5999999999999943,716000.0,712238.0,3762.0,0.005973993578988201,0.6,0.00603672032193159,-7.372019321263469,-6.4903295165648425,-6.6220484386989,601.338546839033
359,359.0,2000.0,1985.0,15.0,99.25,0.75,718000.0,714223.0,3777.0,0.005977343985992118,0.75,0.007557178841309823,-7.047936519958256,-6.4903295165648425,-6.621595986609376,601.3521204017187
360,360.0,2000.0,1985.0,15.0,99.25,0.75,720000.0,716208.0,3792.0,0.00597909346885336,0.75,0.007557178841309823,-7.047936519958256,-6.4903295165648425,-6.621359783687103,601.3592064893869
361,361.0,2000.0,1989.0,11.0,99.45,0.5499999999999972,722000.0,718197.0,3803.0,0.00597909346885336,0.55,0.0055309200603318245,-7.498264794063009,-6.4903295165648425,-6.621359783687103,601.3592064893869
362,362.0,2000.0,1991.0,9.0,99.55,0.45000000000000284,724000.0,720188.0,3812.0,0.00597909346885336,0.45,0.0045208437970868905,-7.789192213734068,-6.4903295165648425,-6.621359783687103,601.3592064893869
363,363.0,2000.0,1988.0,12.0,99.4,0.5999999999999943,726000.0,722176.0,3824.0,0.00597909346885336,0.6,0.00603672032193159,-7.372019321263469,-6.4903295165648425,-6.621359783687103,601.3592064893869
364,364.0,2000.0,1990.0,10.0,99.5,0.5,728000.0,724166.0,3834.0,0.00597909346885336,0.5,0.005025628140703517,-7.6364803582525544,-6.4903295165648425,-6.621359783687103,601.3592064893869
365,365.0,2000.0,1984.0,16.0,99.2,0.7999999999999972,730000.0,726150.0,3850.0,0.00597909346885336,0.8,0.008065020161290324,-6.954106144764466,-6.4903295165648425,-6.621359783687103,601.3592064893869
366,366.0,2000.0,1993.0,7.0,99.65,0.3499999999999943,732000.0,728143.0,3857.0,0.00597909346885336,0.35,0.0035127947817360766,-8.153164988209875,-6.4903295165648425,-6.621359783687103,601.3592064893869
367,367.0,2000.0,1987.0,13.0,99.35,0.6500000000000057,734000.0,730130.0,3870.0,0.00597909346885336,0.65,0.006543029693004529,-7.255825466835081,-6.4903295165648425,-6.621359783687103,601.3592064893869
368,368.0,2000.0,1982.0,18.0,99.1,0.9000000000000057,736000.0,732112.0,3888.0,0.00597909346885336,0.9,0.009082240161453078,-6.782736098245981,-6.4903295165648425,-6.621359783687103,601.3592064893869
369,369.0,2000.0,1990.0,10.0,99.5,0.5,738000.0,734102.0,3898.0,0.00597909346885336,0.5,0.005025628140703517,-7.6364803582525544,-6.4903295165648425,-6.621359783687103,601.3592064893869
370,370.0,2000.0,1985.0,15.0,99.25,0.75,740000.0,736087.0,3913.0,0.005980748653575725,0.75,0.007557178841309823,-7.047936519958256,-6.4903295165648425,-6.621136346394195,601.3659096081742
371,371.0,2000.0,1987.0,13.0,99.35,0.6500000000000057,742000.0,738074.0,3926.0,0.0059824119327975085,0.65,0.006543029693004529,-7.255825466835081,-6.4903295165648425,-6.6209118498485955,601.3726445045421
372,372.0,2000.0,1988.0,12.0,99.4,0.5999999999999943,744000.0,740062.0,3938.0,0.0059824119327975085,0.6,0.00603672032193159,-7.372019321263469,-6.4903295165648425,-6.6209118498485955,601.3726445045421
373,373.0,2000.0,1984.0,16.0,99.2,0.7999999999999972,746000.0,742046.0,3954.0,0.0059824119327975085,0.8,0.008065020161290324,-6.954106144764466,-6.4903295165648425,-6.6209118498485955,601.3726445045421
374,374.0,2000.0,1984.0,16.0,99.2,0.7999999999999972,748000.0,744030.0,3970.0,0.0059824119327975085,0.8,0.008065020161290324,-6.954106144764466,-6.4903295165648425,-6.6209118498485955,601.3726445045421
375,375.0,2000.0,1987.0,13.0,99.35,0.6500000000000057,750000.0,746017.0,3983.0,0.0059824119327975085,0.65,0.006543029693004529,-7.255825466835081,-6.4903295165648425,-6.6209118498485955,601.3726445045421
376,376.0,2000.0,1995.0,5.0,99.75,0.25,752000.0,748012.0,3988.0,0.0059878728063874915,0.25,0.0025067669172932332,-8.639956426064222,-6.4903295165648425,-6.620175019026391,601.3947494292083
377,377.0,2000.0,1989.0,11.0,99.45,0.5499999999999972,754000.0,750001.0,3999.0,0.005999706451295438,0.55,0.0055309200603318245,-7.498264794063009,-6.4903295165648425,-6.61857955377247,601.4426133868259
378,378.0,2000.0,1994.0,6.0,99.7,0.29999999999999716,756000.0,751995.0,4005.0,0.006002805011727705,0.3,0.003009528585757272,-8.376246764538763,-6.4903295165648425,-6.61816207143793,601.4551378568622
379,379.0,2000.0,1985.0,15.0,99.25,0.75,758000.0,753980.0,4020.0,0.0060046232607948585,0.75,0.007557178841309823,-7.047936519958256,-6.4903295165648425,-6.617917144899294,601.4624856530212
380,380.0,2000.0,1987.0,13.0,99.35,0.6500000000000057,760000.0,755967.0,4033.0,0.0060046232607948585,0.65,0.006543029693004529,-7.255825466835081,-6.4903295165648425,-6.617917144899294,601.4624856530212
381,381.0,2000.0,1995.0,5.0,99.75,0.25,762000.0,757962.0,4038.0,0.006021350113005524,0.25,0.0025067669172932332,-8.639956426064222,-6.4903295165648425,-6.615665830437347,601.5300250868796
382,382.0,2000.0,1984.0,16.0,99.2,0.7999999999999972,764000.0,759946.0,4054.0,0.006063103379930949,0.8,0.008065020161290324,-6.954106144764466,-6.4903295165648425,-6.610060803812751,601.6981758856175
383,383.0,2000.0,1987.0,13.0,99.35,0.6500000000000057,766000.0,761933.0,4067.0,0.0060631851554189455,0.65,0.006543029693004529,-7.255825466835081,-6.4903295165648425,-6.610049846611023,601.6985046016694
384,384.0,2000.0,1990.0,10.0,99.5,0.5,768000.0,763923.0,4077.0,0.006100249253108038,0.5,0.005025628140703517,-7.6364803582525544,-6.4903295165648425,-6.605091781200153,601.8472465639954
385,385.0,2000.0,1991.0,9.0,99.55,0.45000000000000284,770000.0,765914.0,4086.0,0.006132322183504511,0.45,0.0045208437970868905,-7.789192213734068,-6.4903295165648425,-6.600814536926277,601.9755638922117
386,386.0,2000.0,1990.0,10.0,99.5,0.5,772000.0,767904.0,4096.0,0.00613710200151975,0.5,0.005025628140703517,-7.6364803582525544,-6.4903295165648425,-6.600178140860031,601.9946557741991
387,387.0,2000.0,1986.0,14.0,99.3,0.7000000000000028,774000.0,769890.0,4110.0,0.006150663519569907,0.7,0.007049848942598187,-7.148191939505161,-6.4903295165648425,-6.598373993300518,602.0487802009844
388,388.0,2000.0,1993.0,7.0,99.65,0.3499999999999943,776000.0,771883.0,4117.0,0.00615171919991281,0.35,0.0035127947817360766,-8.153164988209875,-6.4903295165648425,-6.5982336423116985,602.0529907306491
389,389.0,2000.0,1979.0,21.0,98.95,1.0499999999999972,778000.0,773862.0,4138.0,0.00615171919991281,1.05,0.010611925214754927,-6.558169776140557,-6.4903295165648425,-6.5982336423116985,602.0529907306491
390,390.0,2000.0,1993.0,7.0,99.65,0.3499999999999943,780000.0,775855.0,4145.0,0.00615171919991281,0.35,0.0035127947817360766,-8.153164988209875,-6.4903295165648425,-6.5982336423116985,602.0529907306491
391,391.0,2000.0,1990.0,10.0,99.5,0.5,782000.0,777845.0,4155.0,0.00615171919991281,0.5,0.005025628140703517,-7.6364803582525544,-6.4903295165648425,-6.5982336423116985,602.0529907306491
392,392.0,2000.0,1988.0,12.0,99.4,0.5999999999999943,784000.0,779833.0,4167.0,0.00615171919991281,0.6,0.00603672032193159,-7.372019321263469,-6.4903295165648425,-6.5982336423116985,602.0529907306491
393,393.0,2000.0,1982.0,18.0,99.1,0.9000000000000057,786000.0,781815.0,4185.0,0.00615171919991281,0.9,0.009082240161453078,-6.782736098245981,-6.4903295165648425,-6.5982336423116985,602.0529907306491
394,394.0,2000.0,1984.0,16.0,99.2,0.7999999999999972,788000.0,783799.0,4201.0,0.006155455074473988,0.8,0.008065020161290324,-6.954106144764466,-6.4903295165648425,-6.597737069003013,602.0678879299096
395,395.0,2000.0,1984.0,16.0,99.2,0.7999999999999972,790000.0,785783.0,4217.0,0.006168088507637683,0.8,0.008065020161290324,-6.954106144764466,-6.4903295165648425,-6.59605904369137,602.1182286892589
396,396.0,2000.0,1988.0,12.0,99.4,0.5999999999999943,792000.0,787771.0,4229.0,0.006168088507637683,0.6,0.00603672032193159,-7.372019321263469,-6.4903295165648425,-6.59605904369137,602.1182286892589
397,397.0,2000.0,1980.0,20.0,99.0,1.0,794000.0,789751.0,4249.0,0.006174834109318809,1.0,0.010101515151515151,-6.629284487130874,-6.4903295165648425,-6.595163830777301,602.145085076681
398,398.0,2000.0,1982.0,18.0,99.1,0.9000000000000057,796000.0,791733.0,4267.0,0.006205829390708397,0.9,0.009082240161453078,-6.782736098245981,-6.4903295165648425,-6.5910572626486905,602.2682821205393
399,399.0,2000.0,1992.0,8.0,99.6,0.4000000000000057,798000.0,793725.0,4275.0,0.006224403704631762,0.4,0.00401656626506024,-7.959821606458086,-6.4903295165648425,-6.588601711240278,602.3419486627917
400,400.0,2000.0,1987.0,13.0,99.35,0.6500000000000057,800000.0,795712.0,4288.0,0.006233042847253135,0.65,0.006543029693004529,-7.255825466835081,-6.4903295165648425,-6.587460968266828,602.3761709519952
401,401.0,2000.0,1984.0,16.0,99.2,0.7999999999999972,802000.0,797696.0,4304.0,0.006259899421259729,0.8,0.008065020161290324,-6.954106144764466,-6.4903295165648425,-6.583920245448038,602.4823926365589
402,402.0,2000.0,1985.0,15.0,99.25,0.75,804000.0,799681.0,4319.0,0.0062612603108492485,0.75,0.007557178841309823,-7.047936519958256,-6.4903295165648425,-6.58374104983622,602.4877685049134
403,403.0,2000.0,1985.0,15.0,99.25,0.75,806000.0,801666.0,4334.0,0.006294622372602482,0.75,0.007557178841309823,-7.047936519958256,-6.4903295165648425,-6.5793547507501415,602.6193574774958
404,404.0,2000.0,1983.0,17.0,99.15,0.8499999999999943,808000.0,803649.0,4351.0,0.0063406055125641335,0.85,0.00857337367624811,-6.8659212590602525,-6.4903295165648425,-6.573329970167764,602.800100894967
405,405.0,2000.0,1989.0,11.0,99.45,0.5499999999999972,810000.0,805638.0,4362.0,0.0063760073592257814,0.55,0.0055309200603318245,-7.498264794063009,-6.4903295165648425,-6.568707946838588,602.9387615948424
406,406.0,2000.0,1994.0,6.0,99.7,0.29999999999999716,812000.0,807632.0,4368.0,0.00638748531524291,0.3,0.003009528585757272,-8.376246764538763,-6.4903295165648425,-6.567212440981265,602.9836267705621
407,407.0,2000.0,1982.0,18.0,99.1,0.9000000000000057,814000.0,809614.0,4386.0,0.00638748531524291,0.9,0.009082240161453078,-6.782736098245981,-6.4903295165648425,-6.567212440981265,602.9836267705621
408,408.0,2000.0,1989.0,11.0,99.45,0.5499999999999972,816000.0,811603.0,4397.0,0.00638748531524291,0.55,0.0055309200603318245,-7.498264794063009,-6.4903295165648425,-6.567212440981265,602.9836267705621
409,409.0,2000.0,1990.0,10.0,99.5,0.5,818000.0,813593.0,4407.0,0.00638748531524291,0.5,0.005025628140703517,-7.6364803582525544,-6.4903295165648425,-6.567212440981265,602.9836267705621
410,410.0,2000.0,1989.0,11.0,99.45,0.5499999999999972,820000.0,815582.0,4418.0,0.006396143453969797,0.55,0.0055309200603318245,-7.498264794063009,-6.4903295165648425,-6.566085322271465,603.017440331856
411,411.0,2000.0,1986.0,14.0,99.3,0.7000000000000028,822000.0,817568.0,4432.0,0.0064067819525184325,0.7,0.007049848942598187,-7.148191939505161,-6.4903295165648425,-6.564701554749685,603.0589533575095
412,412.0,2000.0,1989.0,11.0,99.45,0.5499999999999972,824000.0,819557.0,4443.0,0.006435246830274648,0.55,0.0055309200603318245,-7.498264794063009,-6.4903295165648425,-6.561005324584795,603.1698402624561
413,413.0,2000.0,1991.0,9.0,99.55,0.45000000000000284,826000.0,821548.0,4452.0,0.006435555430276214,0.45,0.0045208437970868905,-7.789192213734068,-6.4903295165648425,-6.560965301863926,603.1710409440823
414,414.0,2000.0,1987.0,13.0,99.35,0.6500000000000057,828000.0,823535.0,4465.0,0.006435555430276214,0.65,0.006543029693004529,-7.255825466835081,-6.4903295165648425,-6.560965301863926,603.1710409440823
415,415.0,2000.0,1994.0,6.0,99.7,0.29999999999999716,830000.0,825529.0,4471.0,0.006435555430276214,0.3,0.003009528585757272,-8.376246764538763,-6.4903295165648425,-6.560965301863926,603.1710409440823
416,416.0,2000.0,1986.0,14.0,99.3,0.7000000000000028,832000.0,827515.0,4485.0,0.006457128826642223,0.7,0.007049848942598187,-7.148191939505161,-6.4903295165648425,-6.558170055719101,603.254898328427
417,417.0,2000.0,1986.0,14.0,99.3,0.7000000000000028,834000.0,829501.0,4499.0,0.006511187749851404,0.7,0.007049848942598187,-7.148191939505161,-6.4903295165648425,-6.551188406849839,603.4643477945049
418,418.0,2000.0,1991.0,9.0,99.55,0.45000000000000284,836000.0,831492.0,4508.0,0.006535004837451396,0.45,0.0045208437970868905,-7.789192213734068,-6.4903295165648425,-6.54812270397,603.5563188809
419,419.0,2000.0,1992.0,8.0,99.6,0.4000000000000057,838000.0,833484.0,4516.0,0.006539288701520594,0.4,0.00401656626506024,-7.959821606458086,-6.4903295165648425,-6.547571952772343,603.5728414168298
420,420.0,2000.0,1988.0,12.0,99.4,0.5999999999999943,840000.0,835472.0,4528.0,0.006564444564280855,0.6,0.00603672032193159,-7.372019321263469,-6.4903295165648425,-6.54434187113754,603.6697438658738
421,421.0,2000.0,1987.0,13.0,99.35,0.6500000000000057,842000.0,837459.0,4541.0,0.006571824000441224,0.65,0.006543029693004529,-7.255825466835081,-6.4903295165648425,-6.543395644656897,603.6981306602931
422,422.0,2000.0,1987.0,13.0,99.35,0.6500000000000057,844000.0,839446.0,4554.0,0.006572015222721418,0.65,0.006543029693004529,-7.255825466835081,-6.4903295165648425,-6.543371133128629,603.6988660061411
423,423.0,2000.0,1991.0,9.0,99.55,0.45000000000000284,846000.0,841437.0,4563.0,0.006575455342454594,0.45,0.0045208437970868905,-7.789192213734068,-6.4903295165648425,-6.542930234934487,603.7120929519654
424,424.0,2000.0,1986.0,14.0,99.3,0.7000000000000028,848000.0,843423.0,4577.0,0.006576191385868065,0.7,0.007049848942598187,-7.148191939505161,-6.4903295165648425,-6.5428359177146875,603.7149224685594
425,425.0,2000.0,1991.0,9.0,99.55,0.45000000000000284,850000.0,845414.0,4586.0,0.006576191385868065,0.45,0.0045208437970868905,-7.789192213734068,-6.4903295165648425,-6.5428359177146875,603.7149224685594
426,426.0,2000.0,1990.0,10.0,99.5,0.5,852000.0,847404.0,4596.0,0.00658081006342792,0.5,0.005025628140703517,-7.6364803582525544,-6.4903295165648425,-6.542244211344311,603.7326736596707
427,427.0,2000.0,1985.0,15.0,99.25,0.75,854000.0,849389.0,4611.0,0.00658105430470182,0.75,0.007557178841309823,-7.047936519958256,-6.4903295165648425,-6.542212927667086,603.7336121699874
428,428.0,2000.0,1989.0,11.0,99.45,0.5499999999999972,856000.0,851378.0,4622.0,0.006592680191996431,0.55,0.0055309200603318245,-7.498264794063009,-6.4903295165648425,-6.540724575746705,603.7782627275989
429,429.0,2000.0,1986.0,14.0,99.3,0.7000000000000028,858000.0,853364.0,4636.0,0.0066223130802556115,0.7,0.007049848942598187,-7.148191939505161,-6.4903295165648425,-6.536937600234401,603.8918719929679
430,430.0,2000.0,1988.0,12.0,99.4,0.5999999999999943,860000.0,855352.0,4648.0,0.006657150756515045,0.6,0.00603672032193159,-7.372019321263469,-6.4903295165648425,-6.532497619818554,604.0250714054434
431,431.0,2000.0,1989.0,11.0,99.45,0.5499999999999972,862000.0,857341.0,4659.0,0.0066644021485556025,0.55,0.0055309200603318245,-7.498264794063009,-6.4903295165648425,-6.531575090874909,604.0527472737527
432,432.0,2000.0,1991.0,9.0,99.55,0.45000000000000284,864000.0,859332.0,4668.0,0.0066644021485556025,0.45,0.0045208437970868905,-7.789192213734068,-6.4903295165648425,-6.531575090874909,604.0527472737527
433,433.0,2000.0,1992.0,8.0,99.6,0.4000000000000057,866000.0,861324.0,4676.0,0.0066644021485556025,0.4,0.00401656626506024,-7.959821606458086,-6.4903295165648425,-6.531575090874909,604.0527472737527
434,434.0,2000.0,1990.0,10.0,99.5,0.5,868000.0,863314.0,4686.0,0.006682697663278414,0.5,0.005025628140703517,-7.6364803582525544,-6.4903295165648425,-6.529250027235182,604.1224991829445
435,435.0,2000.0,1990.0,10.0,99.5,0.5,870000.0,865304.0,4696.0,0.006747815786887456,0.5,0.005025628140703517,-7.6364803582525544,-6.4903295165648425,-6.521003576587599,604.369892702372
436,436.0,2000.0,1988.0,12.0,99.4,0.5999999999999943,872000.0,867292.0,4708.0,0.006782901213180363,0.6,0.00603672032193159,-7.372019321263469,-6.4903295165648425,-6.516579066510152,604.5026280046955
437,437.0,2000.0,1988.0,12.0,99.4,0.5999999999999943,874000.0,869280.0,4720.0,0.006837375813569896,0.6,0.00603672032193159,-7.372019321263469,-6.4903295165648425,-6.509735105397569,604.707946838073
438,438.0,2000.0,1985.0,15.0,99.25,0.75,876000.0,871265.0,4735.0,0.006856677325680393,0.75,0.007557178841309823,-7.047936519958256,-6.4903295165648425,-6.507317586473909,604.7804724057827
439,439.0,2000.0,1988.0,12.0,99.4,0.5999999999999943,878000.0,873253.0,4747.0,0.006856677325680393,0.6,0.00603672032193159,-7.372019321263469,-6.4903295165648425,-6.507317586473909,604.7804724057827
440,440.0,2000.0,1986.0,14.0,99.3,0.7000000000000028,880000.0,875239.0,4761.0,0.006863336154253463,0.7,0.007049848942598187,-7.148191939505161,-6.4903295165648425,-6.50648446602516,604.8054660192452
441,441.0,2000.0,1990.0,10.0,99.5,0.5,882000.0,877229.0,4771.0,0.00688608804916268,0.5,0.005025628140703517,-7.6364803582525544,-6.4903295165648425,-6.503641330889405,604.8907600733179
442,442.0,2000.0,1984.0,16.0,99.2,0.7999999999999972,884000.0,879213.0,4787.0,0.0069064115530112795,0.8,0.008065020161290324,-6.954106144764466,-6.4903295165648425,-6.5011061834860815,604.9668144954176
443,443.0,2000.0,1988.0,12.0,99.4,0.5999999999999943,886000.0,881201.0,4799.0,0.0069325659495638485,0.6,0.00603672032193159,-7.372019321263469,-6.4903295165648425,-6.497849957918509,605.0645012624448
444,444.0,2000.0,1985.0,15.0,99.25,0.75,888000.0,883186.0,4814.0,0.006956389604971504,0.75,0.007557178841309823,-7.047936519958256,-6.4903295165648425,-6.494890022875115,605.1532993137465
445,445.0,2000.0,1983.0,17.0,99.15,0.8499999999999943,890000.0,885169.0,4831.0,0.0069579611745679455,0.85,0.00857337367624811,-6.8659212590602525,-6.4903295165648425,-6.494694969837152,605.1591509048855
446,446.0,2000.0,1991.0,9.0,99.55,0.45000000000000284,892000.0,887160.0,4840.0,0.0069579611745679455,0.45,0.0045208437970868905,-7.789192213734068,-6.4903295165648425,-6.494694969837152,605.1591509048855
447,447.0,2000.0,1991.0,9.0,99.55,0.45000000000000284,894000.0,889151.0,4849.0,0.0069579611745679455,0.45,0.0045208437970868905,-7.789192213734068,-6.4903295165648425,-6.494694969837152,605.1591509048855
448,448.0,2000.0,1987.0,13.0,99.35,0.6500000000000057,896000.0,891138.0,4862.0,0.0069579611745679455,0.65,0.006543029693004529,-7.255825466835081,-6.4903295165648425,-6.494694969837152,605.1591509048855
449,449.0,2000.0,1987.0,13.0,99.35,0.6500000000000057,898000.0,893125.0,4875.0,0.0069579611745679455,0.65,0.006543029693004529,-7.255825466835081,-6.4903295165648425,-6.494694969837152,605.1591509048855
450,450.0,2000.0,1986.0,14.0,99.3,0.7000000000000028,900000.0,895111.0,4889.0,0.0069579611745679455,0.7,0.007049848942598187,-7.148191939505161,-6.4903295165648425,-6.494694969837152,605.1591509048855
451,451.0,2000.0,1990.0,10.0,99.5,0.5,902000.0,897101.0,4899.0,0.00700499613998468,0.5,0.005025628140703517,-7.6364803582525544,-6.4903295165648425,-6.488868951566894,605.3339314529932
452,452.0,2000.0,1986.0,14.0,99.3,0.7000000000000028,904000.0,899087.0,4913.0,0.00709788735329421,0.7,0.007049848942598187,-7.148191939505161,-6.4903295165648425,-6.47742867498944,605.6771397503168
453,453.0,2000.0,1984.0,16.0,99.2,0.7999999999999972,906000.0,901071.0,4929.0,0.007118738676869452,0.8,0.008065020161290324,-6.954106144764466,-6.4903295165648425,-6.474872564502115,605.7538230649366
454,454.0,2000.0,1987.0,13.0,99.35,0.6500000000000057,908000.0,903058.0,4942.0,0.007135550460849473,0.65,0.006543029693004529,-7.255825466835081,-6.4903295165648425,-6.472814803123027,605.8155559063092
455,455.0,2000.0,1983.0,17.0,99.15,0.8499999999999943,910000.0,905041.0,4959.0,0.007193992122466199,0.85,0.00857337367624811,-6.8659212590602525,-6.4903295165648425,-6.46568332710363,606.0295001868911
456,456.0,2000.0,1988.0,12.0,99.4,0.5999999999999943,912000.0,907029.0,4971.0,0.0072058200969704915,0.6,0.00603672032193159,-7.372019321263469,-6.4903295165648425,-6.46424408830135,606.0726773509596
457,457.0,2000.0,1989.0,11.0,99.45,0.5499999999999972,914000.0,909018.0,4982.0,0.007224512739690345,0.55,0.0055309200603318245,-7.498264794063009,-6.4903295165648425,-6.461972348677787,606.1408295396664
458,458.0,2000.0,1981.0,19.0,99.05,0.9500000000000028,916000.0,910999.0,5001.0,0.007239184657100564,0.95,0.009591620393740535,-6.704009722126082,-6.4903295165648425,-6.4601916478652015,606.194250564044
459,459.0,2000.0,1983.0,17.0,99.15,0.8499999999999943,918000.0,912982.0,5018.0,0.0072855674328513595,0.85,0.00857337367624811,-6.8659212590602525,-6.4903295165648425,-6.454576060776183,606.3627181767145
460,460.0,2000.0,1989.0,11.0,99.45,0.5499999999999972,920000.0,914971.0,5029.0,0.0073202901513734495,0.55,0.0055309200603318245,-7.498264794063009,-6.4903295165648425,-6.450385811722254,606.4884256483324
461,461.0,2000.0,1986.0,14.0,99.3,0.7000000000000028,922000.0,916957.0,5043.0,0.00735734895608975,0.7,0.007049848942598187,-7.148191939505161,-6.4903295165648425,-6.445926460044127,606.6222061986762
462,462.0,2000.0,1984.0,16.0,99.2,0.7999999999999972,924000.0,918941.0,5059.0,0.007432910754824258,0.8,0.008065020161290324,-6.954106144764466,-6.4903295165648425,-6.436874631487719,606.8937610553685
463,463.0,2000.0,1987.0,13.0,99.35,0.6500000000000057,926000.0,920928.0,5072.0,0.007536563157777799,0.65,0.006543029693004529,-7.255825466835081,-6.4903295165648425,-6.424545452659069,607.263636420228
464,464.0,2000.0,1983.0,17.0,99.15,0.8499999999999943,928000.0,922911.0,5089.0,0.00760568074332531,0.85,0.00857337367624811,-6.8659212590602525,-6.4903295165648425,-6.416379752826012,607.5086074152197
465,465.0,2000.0,1987.0,13.0,99.35,0.6500000000000057,930000.0,924898.0,5102.0,0.007662196684403966,0.65,0.006543029693004529,-7.255825466835081,-6.4903295165648425,-6.409735530196378,607.7079340941086
466,466.0,2000.0,1983.0,17.0,99.15,0.8499999999999943,932000.0,926881.0,5119.0,0.007733741131469928,0.85,0.00857337367624811,-6.8659212590602525,-6.4903295165648425,-6.40136625007431,607.9590124977707
467,467.0,2000.0,1977.0,23.0,98.85,1.1500000000000057,934000.0,928858.0,5142.0,0.007754589950456472,1.15,0.011634294385432474,-6.425472475164418,-6.425472475164418,-6.398936061504645,608.0319181548607
468,468.0,2000.0,1988.0,12.0,99.4,0.5999999999999943,936000.0,930846.0,5154.0,0.0077692410315195175,0.6,0.00603672032193159,-7.372019321263469,-6.425472475164418,-6.397230634674133,608.083080959776
469,469.0,2000.0,1986.0,14.0,99.3,0.7000000000000028,938000.0,932832.0,5168.0,0.007818149418359954,0.7,0.007049848942598187,-7.148191939505161,-6.425472475164418,-6.3915514768536,608.253455694392
470,470.0,2000.0,1984.0,16.0,99.2,0.7999999999999972,940000.0,934816.0,5184.0,0.00793035593554855,0.8,0.008065020161290324,-6.954106144764466,-6.425472475164418,-6.378602440056853,608.6419267982944
471,471.0,2000.0,1979.0,21.0,98.95,1.0499999999999972,942000.0,936795.0,5205.0,0.008073540183029419,1.05,0.010611925214754927,-6.558169776140557,-6.425472475164418,-6.362238147611421,609.1328555716574
472,472.0,2000.0,1994.0,6.0,99.7,0.29999999999999716,944000.0,938789.0,5211.0,0.008211184851537325,0.3,0.003009528585757272,-8.376246764538763,-6.425472475164418,-6.346672405975419,609.5998278207375
473,473.0,2000.0,1974.0,26.0,98.7,1.2999999999999972,946000.0,940763.0,5237.0,0.00837272735715518,1.3,0.013171732522796353,-6.246411069111557,-6.246411069111557,-6.3286064252083545,610.1418072437493
474,474.0,2000.0,1987.0,13.0,99.35,0.6500000000000057,948000.0,942750.0,5250.0,0.008592912722517103,0.65,0.006543029693004529,-7.255825466835081,-6.246411069111557,-6.304324942179409,610.8702517346177
475,475.0,2000.0,1990.0,10.0,99.5,0.5,950000.0,944740.0,5260.0,0.008855634525105634,0.5,0.005025628140703517,-7.6364803582525544,-6.246411069111557,-6.275853909282719,611.7243827215184
476,476.0,2000.0,1980.0,20.0,99.0,1.0,952000.0,946720.0,5280.0,0.009025767224247189,1.0,0.010101515151515151,-6.629284487130874,-6.246411069111557,-6.257698593212249,612.2690422036326
477,477.0,2000.0,1981.0,19.0,99.05,0.9500000000000028,954000.0,948701.0,5299.0,0.009151107837403574,0.95,0.009591620393740535,-6.704009722126082,-6.246411069111557,-6.24446117714098,612.6661646857706
478,478.0,2000.0,1975.0,25.0,98.75,1.25,956000.0,950676.0,5324.0,0.009250629298083441,1.25,0.01265873417721519,-6.303723041529593,-6.246411069111557,-6.234032415244584,612.9790275426625
479,479.0,2000.0,1977.0,23.0,98.85,1.1500000000000057,958000.0,952653.0,5347.0,0.00944654920819818,1.15,0.011634294385432474,-6.425472475164418,-6.246411069111557,-6.2137097414511215,613.5887077564664
480,480.0,2000.0,1983.0,17.0,99.15,0.8499999999999943,960000.0,954636.0,5364.0,0.009554292521360907,0.85,0.00857337367624811,-6.8659212590602525,-6.246411069111557,-6.202648748785111,613.9205375364467
481,481.0,2000.0,1968.0,32.0,98.4,1.5999999999999943,962000.0,956604.0,5396.0,0.009870922610887772,1.6,0.016260670731707314,-5.942469421823638,-5.942469421823638,-6.170603072786389,614.8819078164083
482,482.0,2000.0,1985.0,15.0,99.25,0.75,964000.0,958589.0,5411.0,0.010139744775837383,0.75,0.007557178841309823,-7.047936519958256,-5.942469421823638,-6.1439179222217986,615.682462333346
483,483.0,2000.0,1977.0,23.0,98.85,1.1500000000000057,966000.0,960566.0,5434.0,0.010455498965588075,1.15,0.011634294385432474,-6.425472475164418,-5.942469421823638,-6.113162151997399,616.605135440078
484,484.0,2000.0,1978.0,22.0,98.9,1.0999999999999943,968000.0,962544.0,5456.0,0.011115960719637101,1.1,0.011122851365015167,-6.4903295165648425,-5.942469421823638,-6.0507777359208665,618.476667922374
485,485.0,2000.0,1985.0,15.0,99.25,0.75,970000.0,964529.0,5471.0,0.01224338873267328,0.75,0.007557178841309823,-7.047936519958256,-5.942469421823638,-5.949866827908693,621.5039951627392
486,486.0,2000.0,1976.0,24.0,98.8,1.2000000000000028,972000.0,966505.0,5495.0,0.013630251193402578,1.2,0.012146255060728745,-6.363344619822456,-5.942469421823638,-5.8342580574113905,624.9722582776583
487,487.0,2000.0,1975.0,25.0,98.75,1.25,974000.0,968480.0,5520.0,0.014674317798721036,1.25,0.01265873417721519,-6.303723041529593,-5.942469421823638,-5.752657653092461,627.4202704072261
488,488.0,2000.0,1963.0,37.0,98.15,1.8499999999999943,976000.0,970443.0,5557.0,0.015881986533561408,1.85,0.01884921039225675,-5.729352100606266,-5.729352100606266,-5.663396109889992,630.0981167033002
489,489.0,2000.0,1969.0,31.0,98.45,1.5499999999999972,978000.0,972412.0,5588.0,0.016696952077809277,1.55,0.015744540375825292,-5.989004547715578,-5.729352100606266,-5.605967627612495,631.8209711716252
490,490.0,2000.0,1963.0,37.0,98.15,1.8499999999999943,980000.0,974375.0,5625.0,0.01795851321096671,1.85,0.01884921039225675,-5.729352100606266,-5.729352100606266,-5.521094712210809,634.3671586336757
491,491.0,2000.0,1962.0,38.0,98.1,1.9000000000000057,982000.0,976337.0,5663.0,0.019596631380811105,1.9,0.019368501529051986,-5.690143847616222,-5.690143847616222,-5.417432543049474,637.4770237085158
492,492.0,2000.0,1936.0,64.0,96.8,3.200000000000003,984000.0,978273.0,5727.0,0.023461894445683702,3.2,0.03305836776859505,-4.9188406953406885,-4.9188406953406885,-5.197260361418338,644.0821891574499
493,493.0,2000.0,1927.0,73.0,96.35,3.6500000000000057,986000.0,980200.0,5800.0,0.031075247780486766,3.65,0.03788323819408407,-4.7222965346053,-4.7222965346053,-4.837534966375733,654.873951008728
494,494.0,2000.0,1879.0,121.0,93.95,6.049999999999997,988000.0,982079.0,5921.0,0.05036599486991912,6.05,0.06439648749334753,-3.9568741910952183,-3.9568741910952183,-4.178505682959609,674.6448295112117
495,495.0,2000.0,1599.0,401.0,79.95,20.049999999999997,990000.0,983678.0,6322.0,0.21008346837927397,20.05,0.25078236397748593,-1.9954921992866534,-1.9954921992866534,-1.9126483287045453,742.6205501388637
496,496.0,2000.0,921.0,1079.0,46.05,53.95,992000.0,984599.0,7401.0,0.5227585958604317,53.95,1.1715537459283387,0.22842314046282805,0.22842314046282805,0.14842967416046773,804.452890224814
497,497.0,2000.0,627.0,1373.0,31.35,68.65,994000.0,985226.0,8774.0,0.6883930151516452,68.65,2.1897942583732055,1.1307953281058158,1.1307953281058158,1.1769011399239928,835.3070341977198
498,498.0,2000.0,298.0,1702.0,14.9,85.1,996000.0,985524.0,10476.0,0.8421559395215243,85.1,5.711412751677853,2.513847648870462,2.513847648870462,2.47218537717856,874.1655613153569
499,499.0,2000.0,63.0,1937.0,3.15,96.85,998000.0,985587.0,12413.0,0.9627979918945341,96.85,30.74604761904762,4.942329059912149,4.942329059912149,4.796945963228876,943.9083788968662
500,500.0,2000.0,20.0,1980.0,1.0,99.0,1000000.0,985607.0,14393.0,0.9970734344464043,99.0,99.00005,6.629357348713285,6.629357348713285,8.643395108560993,999.0
